2026-07-23 13:28:41,521 p=42234 u=julien n=ansible WARNING| [WARNING]: file /home/julien/REPO/deploymatic/roles/postfix/handlers/windows.yml is empty and had no tasks to include

2026-07-23 13:28:41,539 p=42234 u=julien n=ansible WARNING| [WARNING]: file /home/julien/REPO/deploymatic/roles/zabbix/handlers/windows.yml is empty and had no tasks to include

2026-07-23 13:28:41,676 p=42234 u=julien n=ansible INFO| playbook: playbook/deploy.yml
2026-07-23 13:34:20,264 p=46128 u=julien n=ansible WARNING| [WARNING]: file /home/julien/REPO/deploymatic/roles/postfix/handlers/windows.yml is empty and had no tasks to include

2026-07-23 13:34:20,280 p=46128 u=julien n=ansible WARNING| [WARNING]: file /home/julien/REPO/deploymatic/roles/zabbix/handlers/windows.yml is empty and had no tasks to include

2026-07-23 13:34:20,402 p=46128 u=julien n=ansible INFO| playbook: playbook/deploy.yml
2026-07-30 14:38:32,887 p=48378 u=julien n=ansible INFO| Starting galaxy collection install process
2026-07-30 14:38:33,039 p=48378 u=julien n=ansible INFO| Nothing to do. All requested collections are already installed. If you want to reinstall them, consider using `--force`.
2026-07-30 15:32:03,394 p=53425 u=julien n=ansible WARNING| [WARNING]: Failed to parse inventory with 'auto' plugin: inventory source '/home/julien/REPO/deploymatic/inventory/aws_ec2_dev.yml' could not be verified by inventory plugin 'amazon.aws.aws_ec2'

Failed to parse inventory with 'auto' plugin.

<<< caused by >>>

inventory source '/home/julien/REPO/deploymatic/inventory/aws_ec2_dev.yml' could not be verified by inventory plugin 'amazon.aws.aws_ec2'
Origin: <inventory plugin 'auto' with source '/home/julien/REPO/deploymatic/inventory/aws_ec2_dev.yml'>


2026-07-30 15:32:03,394 p=53425 u=julien n=ansible WARNING| [WARNING]: Failed to parse inventory with 'yaml' plugin: Plugin configuration YAML file, not YAML inventory

Failed to parse inventory with 'yaml' plugin.

<<< caused by >>>

Plugin configuration YAML file, not YAML inventory
Origin: <inventory plugin 'yaml' with source '/home/julien/REPO/deploymatic/inventory/aws_ec2_dev.yml'>


2026-07-30 15:32:03,394 p=53425 u=julien n=ansible WARNING| [WARNING]: Failed to parse inventory with 'ini' plugin: Failed to parse inventory: Invalid host pattern 'plugin:' supplied, ending in ':' is not allowed, this character is reserved to provide a port.

Failed to parse inventory with 'ini' plugin.

<<< caused by >>>

Failed to parse inventory: Invalid host pattern 'plugin:' supplied, ending in ':' is not allowed, this character is reserved to provide a port.
Origin: /home/julien/REPO/deploymatic/inventory/aws_ec2_dev.yml


2026-07-30 15:32:03,395 p=53425 u=julien n=ansible WARNING| [WARNING]: Unable to parse /home/julien/REPO/deploymatic/inventory/aws_ec2_dev.yml as an inventory source

2026-07-30 15:32:03,395 p=53425 u=julien n=ansible WARNING| [WARNING]: No inventory was parsed, only implicit localhost is available

2026-07-30 15:32:03,401 p=53425 u=julien n=ansible INFO| @all:
  |--@ungrouped:
2026-07-30 15:37:41,110 p=53988 u=julien n=ansible WARNING| [WARNING]: Failed to parse inventory with 'auto' plugin: inventory source '/home/julien/REPO/deploymatic/inventory/aws_ec2_dev.yml' could not be verified by inventory plugin 'amazon.aws.aws_ec2'

Failed to parse inventory with 'auto' plugin.

<<< caused by >>>

inventory source '/home/julien/REPO/deploymatic/inventory/aws_ec2_dev.yml' could not be verified by inventory plugin 'amazon.aws.aws_ec2'
Origin: <inventory plugin 'auto' with source '/home/julien/REPO/deploymatic/inventory/aws_ec2_dev.yml'>


2026-07-30 15:37:41,110 p=53988 u=julien n=ansible WARNING| [WARNING]: Failed to parse inventory with 'yaml' plugin: Plugin configuration YAML file, not YAML inventory

Failed to parse inventory with 'yaml' plugin.

<<< caused by >>>

Plugin configuration YAML file, not YAML inventory
Origin: <inventory plugin 'yaml' with source '/home/julien/REPO/deploymatic/inventory/aws_ec2_dev.yml'>


2026-07-30 15:37:41,111 p=53988 u=julien n=ansible WARNING| [WARNING]: Failed to parse inventory with 'ini' plugin: Failed to parse inventory: Invalid host pattern 'plugin:' supplied, ending in ':' is not allowed, this character is reserved to provide a port.

Failed to parse inventory with 'ini' plugin.

<<< caused by >>>

Failed to parse inventory: Invalid host pattern 'plugin:' supplied, ending in ':' is not allowed, this character is reserved to provide a port.
Origin: /home/julien/REPO/deploymatic/inventory/aws_ec2_dev.yml


2026-07-30 15:37:41,111 p=53988 u=julien n=ansible WARNING| [WARNING]: Unable to parse /home/julien/REPO/deploymatic/inventory/aws_ec2_dev.yml as an inventory source

2026-07-30 15:37:41,111 p=53988 u=julien n=ansible WARNING| [WARNING]: No inventory was parsed, only implicit localhost is available

2026-07-30 15:37:41,114 p=53988 u=julien n=ansible INFO| @all:
  |--@ungrouped:
2026-07-30 15:41:04,774 p=54316 u=julien n=ansible WARNING| [WARNING]: Failed to parse inventory with 'auto' plugin: inventory source '/home/julien/REPO/deploymatic/inventory/aws_ec2_dev.yml' could not be verified by inventory plugin 'amazon.aws.aws_ec2'

Failed to parse inventory with 'auto' plugin.

<<< caused by >>>

inventory source '/home/julien/REPO/deploymatic/inventory/aws_ec2_dev.yml' could not be verified by inventory plugin 'amazon.aws.aws_ec2'
Origin: <inventory plugin 'auto' with source '/home/julien/REPO/deploymatic/inventory/aws_ec2_dev.yml'>


2026-07-30 15:41:04,774 p=54316 u=julien n=ansible WARNING| [WARNING]: Failed to parse inventory with 'yaml' plugin: Plugin configuration YAML file, not YAML inventory

Failed to parse inventory with 'yaml' plugin.

<<< caused by >>>

Plugin configuration YAML file, not YAML inventory
Origin: <inventory plugin 'yaml' with source '/home/julien/REPO/deploymatic/inventory/aws_ec2_dev.yml'>


2026-07-30 15:41:04,774 p=54316 u=julien n=ansible WARNING| [WARNING]: Unable to parse /home/julien/REPO/deploymatic/inventory/aws_ec2_dev.yml as an inventory source

2026-07-30 15:41:04,774 p=54316 u=julien n=ansible WARNING| [WARNING]: No inventory was parsed, only implicit localhost is available

2026-07-30 15:41:04,777 p=54316 u=julien n=ansible INFO| @all:
  |--@ungrouped:
2026-07-30 15:42:11,913 p=54649 u=julien n=ansible WARNING| [WARNING]: Failed to parse inventory with 'auto' plugin: inventory source '/home/julien/REPO/deploymatic/inventory/aws_ec2_dev.yml' could not be verified by inventory plugin 'amazon.aws.aws_ec2'

Failed to parse inventory with 'auto' plugin.

<<< caused by >>>

inventory source '/home/julien/REPO/deploymatic/inventory/aws_ec2_dev.yml' could not be verified by inventory plugin 'amazon.aws.aws_ec2'
Origin: <inventory plugin 'auto' with source '/home/julien/REPO/deploymatic/inventory/aws_ec2_dev.yml'>


2026-07-30 15:42:11,914 p=54649 u=julien n=ansible WARNING| [WARNING]: Failed to parse inventory with 'yaml' plugin: Plugin configuration YAML file, not YAML inventory

Failed to parse inventory with 'yaml' plugin.

<<< caused by >>>

Plugin configuration YAML file, not YAML inventory
Origin: <inventory plugin 'yaml' with source '/home/julien/REPO/deploymatic/inventory/aws_ec2_dev.yml'>


2026-07-30 15:42:11,914 p=54649 u=julien n=ansible WARNING| [WARNING]: Unable to parse /home/julien/REPO/deploymatic/inventory/aws_ec2_dev.yml as an inventory source

2026-07-30 15:42:11,914 p=54649 u=julien n=ansible WARNING| [WARNING]: No inventory was parsed, only implicit localhost is available

2026-07-30 15:42:11,917 p=54649 u=julien n=ansible INFO| @all:
  |--@ungrouped:
2026-07-30 15:42:34,913 p=54796 u=julien n=ansible WARNING| [WARNING]: Failed to parse inventory with 'auto' plugin: inventory source '/home/julien/REPO/deploymatic/inventory/aws_ec2_dev.yml' could not be verified by inventory plugin 'amazon.aws.aws_ec2'

Failed to parse inventory with 'auto' plugin.

<<< caused by >>>

inventory source '/home/julien/REPO/deploymatic/inventory/aws_ec2_dev.yml' could not be verified by inventory plugin 'amazon.aws.aws_ec2'
Origin: <inventory plugin 'auto' with source '/home/julien/REPO/deploymatic/inventory/aws_ec2_dev.yml'>


2026-07-30 15:42:34,913 p=54796 u=julien n=ansible WARNING| [WARNING]: Unable to parse /home/julien/REPO/deploymatic/inventory/aws_ec2_dev.yml as an inventory source

2026-07-30 15:42:34,914 p=54796 u=julien n=ansible WARNING| [WARNING]: No inventory was parsed, only implicit localhost is available

2026-07-30 15:42:34,917 p=54796 u=julien n=ansible INFO| @all:
  |--@ungrouped:
2026-07-30 15:42:48,690 p=54943 u=julien n=ansible WARNING| [WARNING]: Unable to parse /home/julien/REPO/deploymatic/inventory/aws_ec2_dev.yml as an inventory source

2026-07-30 15:42:48,690 p=54943 u=julien n=ansible WARNING| [WARNING]: No inventory was parsed, only implicit localhost is available

2026-07-30 15:42:48,692 p=54943 u=julien n=ansible INFO| @all:
  |--@ungrouped:
2026-07-30 15:44:08,023 p=55616 u=julien n=ansible WARNING| [WARNING]: Unable to parse /home/julien/REPO/deploymatic/inventory/aws_ec2_dev.yml as an inventory source

2026-07-30 15:44:08,023 p=55616 u=julien n=ansible WARNING| [WARNING]: No inventory was parsed, only implicit localhost is available

2026-07-30 15:44:08,025 p=55616 u=julien n=ansible INFO| @all:
  |--@ungrouped:
2026-07-30 15:44:25,748 p=55833 u=julien n=ansible WARNING| [WARNING]: Deprecation warnings can be disabled by setting `deprecation_warnings=False` in ansible.cfg.

2026-07-30 15:44:25,748 p=55833 u=julien n=ansible INFO| [DEPRECATION WARNING]: The 'tags' host variable is deprecated. Use 'ec2_tags' instead. This feature will be removed from collection 'amazon.aws' in a release after 2026-12-01.

2026-07-30 15:44:25,763 p=55833 u=julien n=botocore.credentials INFO| Found credentials in shared credentials file: ~/.aws/credentials
2026-07-30 15:44:26,250 p=55833 u=julien n=botocore.credentials INFO| Found credentials in shared credentials file: ~/.aws/credentials
2026-07-30 15:44:27,254 p=55833 u=julien n=ansible INFO| @all:
  |--@ungrouped:
  |--@aws_ec2:
  |  |--Zabbix Proxy
  |  |--BASTION
  |  |--Tunnel Instance
  |  |--Tunnel IPV6
  |  |--z_winadr-a-DB
  |  |--z_winadr-b
  |  |--Shared-FE
  |  |--MONGODB-8-SDT
  |  |--Shared-NAT
  |  |--NAT-SDT
  |  |--SDT-BE-ADR-DEV-euc1-linux-instance-1
  |  |--Hawkbit-ACC-NEW
  |  |--Bastion-SDT
  |  |--FleetManagementGrafana
  |  |--JenkinsAgent
  |  |--ProjectTeamBastion
  |  |--Shared-BE
  |  |--SDT-BE-ADR-DEV-euc1-linux-instance-2
  |  |--ADR-FE-SDT
  |  |--MONGODB
  |  |--ADR-BE-SDT
  |  |--Bastion/Tunnel Instance
  |  |--z_winadr-a
  |  |--Tunnel v6
  |  |--PDEye - BBox
  |  |--z_winadr-b-DB
  |  |--Jenkins
2026-07-30 15:44:59,784 p=56189 u=julien n=ansible ERROR| [ERROR]: No action selected, at least one of --host, --graph or --list needs to be specified.

2026-07-30 15:45:04,468 p=56283 u=julien n=ansible WARNING| [WARNING]: Deprecation warnings can be disabled by setting `deprecation_warnings=False` in ansible.cfg.

2026-07-30 15:45:04,469 p=56283 u=julien n=ansible INFO| [DEPRECATION WARNING]: The 'tags' host variable is deprecated. Use 'ec2_tags' instead. This feature will be removed from collection 'amazon.aws' in a release after 2026-12-01.

2026-07-30 15:45:04,483 p=56283 u=julien n=botocore.credentials INFO| Found credentials in shared credentials file: ~/.aws/credentials
2026-07-30 15:45:04,937 p=56283 u=julien n=botocore.credentials INFO| Found credentials in shared credentials file: ~/.aws/credentials
2026-07-30 15:45:05,927 p=56283 u=julien n=ansible WARNING| [WARNING]: Found variable using reserved name 'tags'.
Origin: <unknown>

tags


2026-07-30 15:45:05,973 p=56283 u=julien n=ansible INFO| {
    "_meta": {
        "hostvars": {
            "ADR-BE-SDT": {
                "adr_base_path_linux": "/opt/adr",
                "adr_base_path_windows": "C:\\adr",
                "allowed_network_range": "127.0.0.1/32",
                "ami_launch_index": 0,
                "ansible_become": true,
                "ansible_connection": {
                    "__ansible_unsafe": "ssh"
                },
                "ansible_host": {
                    "__ansible_unsafe": "172.16.10.5"
                },
                "ansible_validate_certs": true,
                "architecture": {
                    "__ansible_unsafe": "x86_64"
                },
                "backend_payara_host": "{{ (groups['backend_servers'] | default([]) | length > 0) | ternary(groups['backend_servers'] | first, 'localhost') }}",
                "block_device_mappings": [
                    {
                        "device_name": {
                            "__ansible_unsafe": "/dev/sda1"
                        },
                        "ebs": {
                            "attach_time": "2023-10-27T09:55:15+00:00",
                            "delete_on_termination": false,
                            "ebs_card_index": 0,
                            "status": {
                                "__ansible_unsafe": "attached"
                            },
                            "volume_id": {
                                "__ansible_unsafe": "vol-06376c2b394b20c46"
                            }
                        }
                    }
                ],
                "capacity_reservation_specification": {
                    "capacity_reservation_preference": {
                        "__ansible_unsafe": "open"
                    }
                },
                "client_token": {
                    "__ansible_unsafe": "19e38d23-1c22-4922-8fc0-d6388d3f5874"
                },
                "cpu_options": {
                    "core_count": 1,
                    "threads_per_core": 2
                },
                "current_instance_boot_mode": {
                    "__ansible_unsafe": "legacy-bios"
                },
                "customer_name": "customer",
                "ebs_optimized": true,
                "ec2_tags": {
                    "AUTHOR": {
                        "__ansible_unsafe": "MFU"
                    },
                    "Name": {
                        "__ansible_unsafe": "ADR-BE-SDT"
                    },
                    "PROJECT": {
                        "__ansible_unsafe": "SDT-BE-ADR-DEV"
                    },
                    "TEAM": {
                        "__ansible_unsafe": "Project-Team"
                    }
                },
                "ena_support": true,
                "enclave_options": {
                    "enabled": false
                },
                "hibernation_options": {
                    "configured": false
                },
                "hypervisor": {
                    "__ansible_unsafe": "xen"
                },
                "image_id": {
                    "__ansible_unsafe": "ami-0242b6a1b2a6d463a"
                },
                "include_release_vars": "vars/releases/4.0.9.yml",
                "instance_id": {
                    "__ansible_unsafe": "i-0df6d0cc1eee4a4fe"
                },
                "instance_type": {
                    "__ansible_unsafe": "t3a.large"
                },
                "key_name": {
                    "__ansible_unsafe": "prodshared-test"
                },
                "keycloak_host": "{{ (groups['frontend_servers'] | default([]) | length > 0) | ternary(groups['frontend_servers'] | first, 'localhost') }}",
                "keycloak_service_name_linux": "keycloak",
                "keycloak_symlink_path_linux": "/opt/keycloak",
                "keycloak_symlink_path_windows": "C:\\adr\\keycloak",
                "launch_time": "2025-12-12T08:16:58+00:00",
                "maintenance_options": {
                    "auto_recovery": {
                        "__ansible_unsafe": "default"
                    },
                    "reboot_migration": {
                        "__ansible_unsafe": "default"
                    }
                },
                "metadata_options": {
                    "http_endpoint": {
                        "__ansible_unsafe": "enabled"
                    },
                    "http_protocol_ipv6": {
                        "__ansible_unsafe": "disabled"
                    },
                    "http_put_response_hop_limit": 1,
                    "http_tokens": {
                        "__ansible_unsafe": "optional"
                    },
                    "instance_metadata_tags": {
                        "__ansible_unsafe": "disabled"
                    },
                    "state": {
                        "__ansible_unsafe": "applied"
                    }
                },
                "mongodb_bind_ips": "127.0.0.1",
                "mongodb_host": "{{ (groups['database_servers'] | default([]) | length > 0) | ternary(groups['database_servers'] | first, (groups['backend_servers'] | default([]) | length > 0) | ternary(groups['backend_servers'] | first, 'localhost')) }}",
                "mongodb_service_name_linux": "mongod",
                "mongodb_symlink_path_linux": "/opt/mongodb",
                "monitoring": {
                    "state": {
                        "__ansible_unsafe": "disabled"
                    }
                },
                "network_interfaces": [
                    {
                        "attachment": {
                            "attach_time": "2023-10-26T09:23:09+00:00",
                            "attachment_id": {
                                "__ansible_unsafe": "eni-attach-0bc7d43f2171bf09f"
                            },
                            "delete_on_termination": true,
                            "device_index": 0,
                            "network_card_index": 0,
                            "status": {
                                "__ansible_unsafe": "attached"
                            }
                        },
                        "description": {
                            "__ansible_unsafe": ""
                        },
                        "groups": [
                            {
                                "group_id": {
                                    "__ansible_unsafe": "sg-05da80df00bf1a0cf"
                                },
                                "group_name": {
                                    "__ansible_unsafe": "sg_private_prod_test"
                                }
                            }
                        ],
                        "interface_type": {
                            "__ansible_unsafe": "interface"
                        },
                        "ipv6_addresses": [],
                        "mac_address": {
                            "__ansible_unsafe": "02:1d:dd:df:ea:75"
                        },
                        "network_interface_id": {
                            "__ansible_unsafe": "eni-070403139d20c4f4d"
                        },
                        "operator": {
                            "managed": false
                        },
                        "owner_id": {
                            "__ansible_unsafe": "100972518102"
                        },
                        "private_dns_name": {
                            "__ansible_unsafe": "ip-172-16-10-5.eu-central-1.compute.internal"
                        },
                        "private_ip_address": {
                            "__ansible_unsafe": "172.16.10.5"
                        },
                        "private_ip_addresses": [
                            {
                                "primary": true,
                                "private_dns_name": {
                                    "__ansible_unsafe": "ip-172-16-10-5.eu-central-1.compute.internal"
                                },
                                "private_ip_address": {
                                    "__ansible_unsafe": "172.16.10.5"
                                }
                            }
                        ],
                        "source_dest_check": true,
                        "status": {
                            "__ansible_unsafe": "in-use"
                        },
                        "subnet_id": {
                            "__ansible_unsafe": "subnet-0210466c5b16bdd17"
                        },
                        "vpc_id": {
                            "__ansible_unsafe": "vpc-0f41a404a6013f73f"
                        }
                    }
                ],
                "network_performance_options": {
                    "bandwidth_weighting": {
                        "__ansible_unsafe": "default"
                    }
                },
                "nginx_service_name_linux": "nginx",
                "nginx_symlink_path_linux": "/opt/nginx",
                "operator": {
                    "hidden_by_default": false,
                    "managed": false
                },
                "owner_id": {
                    "__ansible_unsafe": "100972518102"
                },
                "payara_symlink_path_linux": "/opt/payara",
                "payara_symlink_path_windows": "C:\\adr\\payara",
                "placement": {
                    "availability_zone": {
                        "__ansible_unsafe": "eu-central-1a"
                    },
                    "availability_zone_id": {
                        "__ansible_unsafe": "euc1-az2"
                    },
                    "group_name": {
                        "__ansible_unsafe": ""
                    },
                    "region": {
                        "__ansible_unsafe": "eu-central-1"
                    },
                    "tenancy": {
                        "__ansible_unsafe": "default"
                    }
                },
                "platform_details": {
                    "__ansible_unsafe": "Linux/UNIX"
                },
                "postfix_from_address": "REPLACE_ME_FROM@example.com",
                "postfix_relay_host": "REPLACE_ME_RELAY_IP",
                "postfix_relay_password": "tototototo",
                "postfix_relay_port": "587",
                "postfix_relay_user": "REPLACE_ME_USER",
                "postgresql_admin_user": "adr_superadmin",
                "postgresql_host": "{{ (groups['database_servers'] | default([]) | length > 0) | ternary(groups['database_servers'] | first, (groups['backend_servers'] | default([]) | length > 0) | ternary(groups['backend_servers'] | first, 'localhost')) }}",
                "postgresql_service_name_linux": "postgresql",
                "postgresql_symlink_path_linux": "/opt/postgresql",
                "postgresql_version": "14",
                "private_dns_name": {
                    "__ansible_unsafe": "ip-172-16-10-5.eu-central-1.compute.internal"
                },
                "private_dns_name_options": {
                    "enable_resource_name_dns_a_record": false,
                    "enable_resource_name_dns_aaaa_record": false,
                    "hostname_type": {
                        "__ansible_unsafe": "ip-name"
                    }
                },
                "private_ip_address": {
                    "__ansible_unsafe": "172.16.10.5"
                },
                "product_codes": [
                    {
                        "product_code_id": {
                            "__ansible_unsafe": "3iplms73etrdhxdepv72l6ywj"
                        },
                        "product_code_type": {
                            "__ansible_unsafe": "marketplace"
                        }
                    }
                ],
                "public_dns_name": {
                    "__ansible_unsafe": ""
                },
                "requester_id": {
                    "__ansible_unsafe": ""
                },
                "reservation_id": {
                    "__ansible_unsafe": "r-007385eb0fa5d43b2"
                },
                "root_device_name": {
                    "__ansible_unsafe": "/dev/sda1"
                },
                "root_device_type": {
                    "__ansible_unsafe": "ebs"
                },
                "security_groups": [
                    {
                        "group_id": {
                            "__ansible_unsafe": "sg-05da80df00bf1a0cf"
                        },
                        "group_name": {
                            "__ansible_unsafe": "sg_private_prod_test"
                        }
                    }
                ],
                "source_dest_check": true,
                "state": {
                    "code": 16,
                    "name": {
                        "__ansible_unsafe": "running"
                    }
                },
                "state_transition_reason": {
                    "__ansible_unsafe": ""
                },
                "subnet_id": {
                    "__ansible_unsafe": "subnet-0210466c5b16bdd17"
                },
                "tags": {
                    "AUTHOR": {
                        "__ansible_unsafe": "MFU"
                    },
                    "Name": {
                        "__ansible_unsafe": "ADR-BE-SDT"
                    },
                    "PROJECT": {
                        "__ansible_unsafe": "SDT-BE-ADR-DEV"
                    },
                    "TEAM": {
                        "__ansible_unsafe": "Project-Team"
                    }
                },
                "usage_operation": {
                    "__ansible_unsafe": "RunInstances"
                },
                "usage_operation_update_time": "2023-10-26T09:23:09+00:00",
                "virtualization_type": {
                    "__ansible_unsafe": "hvm"
                },
                "vpc_id": {
                    "__ansible_unsafe": "vpc-0f41a404a6013f73f"
                }
            },
            "ADR-FE-SDT": {
                "adr_base_path_linux": "/opt/adr",
                "adr_base_path_windows": "C:\\adr",
                "allowed_network_range": "127.0.0.1/32",
                "ami_launch_index": 0,
                "ansible_become": true,
                "ansible_connection": {
                    "__ansible_unsafe": "ssh"
                },
                "ansible_host": {
                    "__ansible_unsafe": "172.16.10.4"
                },
                "ansible_validate_certs": true,
                "architecture": {
                    "__ansible_unsafe": "x86_64"
                },
                "backend_payara_host": "{{ (groups['backend_servers'] | default([]) | length > 0) | ternary(groups['backend_servers'] | first, 'localhost') }}",
                "block_device_mappings": [
                    {
                        "device_name": {
                            "__ansible_unsafe": "/dev/sda1"
                        },
                        "ebs": {
                            "attach_time": "2023-08-22T12:05:58+00:00",
                            "delete_on_termination": true,
                            "ebs_card_index": 0,
                            "status": {
                                "__ansible_unsafe": "attached"
                            },
                            "volume_id": {
                                "__ansible_unsafe": "vol-0961fbcbde1336306"
                            }
                        }
                    }
                ],
                "capacity_reservation_specification": {
                    "capacity_reservation_preference": {
                        "__ansible_unsafe": "open"
                    }
                },
                "client_token": {
                    "__ansible_unsafe": "85a8a0d3-5dce-4a02-aefe-247cf4a9f013"
                },
                "cpu_options": {
                    "core_count": 2,
                    "threads_per_core": 2
                },
                "current_instance_boot_mode": {
                    "__ansible_unsafe": "legacy-bios"
                },
                "customer_name": "customer",
                "ebs_optimized": true,
                "ec2_tags": {
                    "AUTHOR": {
                        "__ansible_unsafe": "MFU"
                    },
                    "Name": {
                        "__ansible_unsafe": "ADR-FE-SDT"
                    },
                    "PROJECT": {
                        "__ansible_unsafe": "SDT-BE-ADR-DEV"
                    },
                    "TEAM": {
                        "__ansible_unsafe": "Project-Team"
                    }
                },
                "ena_support": true,
                "enclave_options": {
                    "enabled": false
                },
                "hibernation_options": {
                    "configured": false
                },
                "hypervisor": {
                    "__ansible_unsafe": "xen"
                },
                "image_id": {
                    "__ansible_unsafe": "ami-0242b6a1b2a6d463a"
                },
                "include_release_vars": "vars/releases/4.0.9.yml",
                "instance_id": {
                    "__ansible_unsafe": "i-0c9f6272e58633c51"
                },
                "instance_type": {
                    "__ansible_unsafe": "t3a.xlarge"
                },
                "key_name": {
                    "__ansible_unsafe": "prodshared-test"
                },
                "keycloak_host": "{{ (groups['frontend_servers'] | default([]) | length > 0) | ternary(groups['frontend_servers'] | first, 'localhost') }}",
                "keycloak_service_name_linux": "keycloak",
                "keycloak_symlink_path_linux": "/opt/keycloak",
                "keycloak_symlink_path_windows": "C:\\adr\\keycloak",
                "launch_time": "2026-07-02T06:49:50+00:00",
                "maintenance_options": {
                    "auto_recovery": {
                        "__ansible_unsafe": "default"
                    },
                    "reboot_migration": {
                        "__ansible_unsafe": "default"
                    }
                },
                "metadata_options": {
                    "http_endpoint": {
                        "__ansible_unsafe": "enabled"
                    },
                    "http_protocol_ipv6": {
                        "__ansible_unsafe": "disabled"
                    },
                    "http_put_response_hop_limit": 1,
                    "http_tokens": {
                        "__ansible_unsafe": "optional"
                    },
                    "instance_metadata_tags": {
                        "__ansible_unsafe": "disabled"
                    },
                    "state": {
                        "__ansible_unsafe": "applied"
                    }
                },
                "mongodb_bind_ips": "127.0.0.1",
                "mongodb_host": "{{ (groups['database_servers'] | default([]) | length > 0) | ternary(groups['database_servers'] | first, (groups['backend_servers'] | default([]) | length > 0) | ternary(groups['backend_servers'] | first, 'localhost')) }}",
                "mongodb_service_name_linux": "mongod",
                "mongodb_symlink_path_linux": "/opt/mongodb",
                "monitoring": {
                    "state": {
                        "__ansible_unsafe": "disabled"
                    }
                },
                "network_interfaces": [
                    {
                        "attachment": {
                            "attach_time": "2023-08-22T12:05:57+00:00",
                            "attachment_id": {
                                "__ansible_unsafe": "eni-attach-0d17fe4c9b87d3911"
                            },
                            "delete_on_termination": true,
                            "device_index": 0,
                            "network_card_index": 0,
                            "status": {
                                "__ansible_unsafe": "attached"
                            }
                        },
                        "description": {
                            "__ansible_unsafe": ""
                        },
                        "groups": [
                            {
                                "group_id": {
                                    "__ansible_unsafe": "sg-05da80df00bf1a0cf"
                                },
                                "group_name": {
                                    "__ansible_unsafe": "sg_private_prod_test"
                                }
                            }
                        ],
                        "interface_type": {
                            "__ansible_unsafe": "interface"
                        },
                        "ipv6_addresses": [],
                        "mac_address": {
                            "__ansible_unsafe": "02:23:bf:d5:36:5f"
                        },
                        "network_interface_id": {
                            "__ansible_unsafe": "eni-09f5a5935cba033bf"
                        },
                        "operator": {
                            "managed": false
                        },
                        "owner_id": {
                            "__ansible_unsafe": "100972518102"
                        },
                        "private_dns_name": {
                            "__ansible_unsafe": "ip-172-16-10-4.eu-central-1.compute.internal"
                        },
                        "private_ip_address": {
                            "__ansible_unsafe": "172.16.10.4"
                        },
                        "private_ip_addresses": [
                            {
                                "primary": true,
                                "private_dns_name": {
                                    "__ansible_unsafe": "ip-172-16-10-4.eu-central-1.compute.internal"
                                },
                                "private_ip_address": {
                                    "__ansible_unsafe": "172.16.10.4"
                                }
                            }
                        ],
                        "source_dest_check": true,
                        "status": {
                            "__ansible_unsafe": "in-use"
                        },
                        "subnet_id": {
                            "__ansible_unsafe": "subnet-0210466c5b16bdd17"
                        },
                        "vpc_id": {
                            "__ansible_unsafe": "vpc-0f41a404a6013f73f"
                        }
                    }
                ],
                "network_performance_options": {
                    "bandwidth_weighting": {
                        "__ansible_unsafe": "default"
                    }
                },
                "nginx_service_name_linux": "nginx",
                "nginx_symlink_path_linux": "/opt/nginx",
                "operator": {
                    "hidden_by_default": false,
                    "managed": false
                },
                "owner_id": {
                    "__ansible_unsafe": "100972518102"
                },
                "payara_symlink_path_linux": "/opt/payara",
                "payara_symlink_path_windows": "C:\\adr\\payara",
                "placement": {
                    "availability_zone": {
                        "__ansible_unsafe": "eu-central-1a"
                    },
                    "availability_zone_id": {
                        "__ansible_unsafe": "euc1-az2"
                    },
                    "group_name": {
                        "__ansible_unsafe": ""
                    },
                    "region": {
                        "__ansible_unsafe": "eu-central-1"
                    },
                    "tenancy": {
                        "__ansible_unsafe": "default"
                    }
                },
                "platform_details": {
                    "__ansible_unsafe": "Linux/UNIX"
                },
                "postfix_from_address": "REPLACE_ME_FROM@example.com",
                "postfix_relay_host": "REPLACE_ME_RELAY_IP",
                "postfix_relay_password": "tototototo",
                "postfix_relay_port": "587",
                "postfix_relay_user": "REPLACE_ME_USER",
                "postgresql_admin_user": "adr_superadmin",
                "postgresql_host": "{{ (groups['database_servers'] | default([]) | length > 0) | ternary(groups['database_servers'] | first, (groups['backend_servers'] | default([]) | length > 0) | ternary(groups['backend_servers'] | first, 'localhost')) }}",
                "postgresql_service_name_linux": "postgresql",
                "postgresql_symlink_path_linux": "/opt/postgresql",
                "postgresql_version": "14",
                "private_dns_name": {
                    "__ansible_unsafe": "ip-172-16-10-4.eu-central-1.compute.internal"
                },
                "private_dns_name_options": {
                    "enable_resource_name_dns_a_record": false,
                    "enable_resource_name_dns_aaaa_record": false,
                    "hostname_type": {
                        "__ansible_unsafe": "ip-name"
                    }
                },
                "private_ip_address": {
                    "__ansible_unsafe": "172.16.10.4"
                },
                "product_codes": [
                    {
                        "product_code_id": {
                            "__ansible_unsafe": "3iplms73etrdhxdepv72l6ywj"
                        },
                        "product_code_type": {
                            "__ansible_unsafe": "marketplace"
                        }
                    }
                ],
                "public_dns_name": {
                    "__ansible_unsafe": ""
                },
                "requester_id": {
                    "__ansible_unsafe": ""
                },
                "reservation_id": {
                    "__ansible_unsafe": "r-07f9de1d934fb001d"
                },
                "root_device_name": {
                    "__ansible_unsafe": "/dev/sda1"
                },
                "root_device_type": {
                    "__ansible_unsafe": "ebs"
                },
                "security_groups": [
                    {
                        "group_id": {
                            "__ansible_unsafe": "sg-05da80df00bf1a0cf"
                        },
                        "group_name": {
                            "__ansible_unsafe": "sg_private_prod_test"
                        }
                    }
                ],
                "source_dest_check": true,
                "state": {
                    "code": 16,
                    "name": {
                        "__ansible_unsafe": "running"
                    }
                },
                "state_transition_reason": {
                    "__ansible_unsafe": ""
                },
                "subnet_id": {
                    "__ansible_unsafe": "subnet-0210466c5b16bdd17"
                },
                "tags": {
                    "AUTHOR": {
                        "__ansible_unsafe": "MFU"
                    },
                    "Name": {
                        "__ansible_unsafe": "ADR-FE-SDT"
                    },
                    "PROJECT": {
                        "__ansible_unsafe": "SDT-BE-ADR-DEV"
                    },
                    "TEAM": {
                        "__ansible_unsafe": "Project-Team"
                    }
                },
                "usage_operation": {
                    "__ansible_unsafe": "RunInstances"
                },
                "usage_operation_update_time": "2023-08-22T12:05:57+00:00",
                "virtualization_type": {
                    "__ansible_unsafe": "hvm"
                },
                "vpc_id": {
                    "__ansible_unsafe": "vpc-0f41a404a6013f73f"
                }
            },
            "BASTION": {
                "adr_base_path_linux": "/opt/adr",
                "adr_base_path_windows": "C:\\adr",
                "allowed_network_range": "127.0.0.1/32",
                "ami_launch_index": 0,
                "ansible_become": false,
                "ansible_connection": {
                    "__ansible_unsafe": "winrm"
                },
                "ansible_host": {
                    "__ansible_unsafe": "192.168.13.12"
                },
                "ansible_validate_certs": true,
                "ansible_winrm_server_cert_validation": {
                    "__ansible_unsafe": "ignore"
                },
                "architecture": {
                    "__ansible_unsafe": "x86_64"
                },
                "backend_payara_host": "{{ (groups['backend_servers'] | default([]) | length > 0) | ternary(groups['backend_servers'] | first, 'localhost') }}",
                "block_device_mappings": [
                    {
                        "device_name": {
                            "__ansible_unsafe": "/dev/sda1"
                        },
                        "ebs": {
                            "attach_time": "2025-08-29T08:19:59+00:00",
                            "delete_on_termination": false,
                            "ebs_card_index": 0,
                            "status": {
                                "__ansible_unsafe": "attached"
                            },
                            "volume_id": {
                                "__ansible_unsafe": "vol-06aa80569e987af2b"
                            }
                        }
                    }
                ],
                "capacity_reservation_specification": {
                    "capacity_reservation_preference": {
                        "__ansible_unsafe": "open"
                    }
                },
                "client_token": {
                    "__ansible_unsafe": "9b77ad2a-60e2-0d1f-e70c-7216d7e34027"
                },
                "cpu_options": {
                    "core_count": 1,
                    "threads_per_core": 2
                },
                "current_instance_boot_mode": {
                    "__ansible_unsafe": "legacy-bios"
                },
                "customer_name": "customer",
                "ebs_optimized": false,
                "ec2_tags": {
                    "AUTHOR": {
                        "__ansible_unsafe": "ADE"
                    },
                    "CreatedBy": {
                        "__ansible_unsafe": "CloudFormation template"
                    },
                    "Name": {
                        "__ansible_unsafe": "BASTION"
                    },
                    "PROJECT": {
                        "__ansible_unsafe": "RD-BE-ADR-DEV"
                    },
                    "TEAM": {
                        "__ansible_unsafe": "RD-LIEGE"
                    },
                    "aws:cloudformation:logical-id": {
                        "__ansible_unsafe": "InstanceBastion"
                    },
                    "aws:cloudformation:stack-id": {
                        "__ansible_unsafe": "arn:aws:cloudformation:eu-central-1:100972518102:stack/ADE-VPC-test/94eb2440-833c-11f0-b94d-0a8e2cd48d93"
                    },
                    "aws:cloudformation:stack-name": {
                        "__ansible_unsafe": "ADE-VPC-test"
                    }
                },
                "ena_support": true,
                "enclave_options": {
                    "enabled": false
                },
                "hibernation_options": {
                    "configured": false
                },
                "hypervisor": {
                    "__ansible_unsafe": "xen"
                },
                "image_id": {
                    "__ansible_unsafe": "ami-030a63c7124790810"
                },
                "include_release_vars": "vars/releases/4.0.9.yml",
                "instance_id": {
                    "__ansible_unsafe": "i-01c777e12cf3f9b4f"
                },
                "instance_type": {
                    "__ansible_unsafe": "t3.small"
                },
                "key_name": {
                    "__ansible_unsafe": "Ampacimon-2024"
                },
                "keycloak_host": "{{ (groups['frontend_servers'] | default([]) | length > 0) | ternary(groups['frontend_servers'] | first, 'localhost') }}",
                "keycloak_service_name_linux": "keycloak",
                "keycloak_symlink_path_linux": "/opt/keycloak",
                "keycloak_symlink_path_windows": "C:\\adr\\keycloak",
                "launch_time": "2025-10-10T12:49:28+00:00",
                "maintenance_options": {
                    "auto_recovery": {
                        "__ansible_unsafe": "default"
                    },
                    "reboot_migration": {
                        "__ansible_unsafe": "default"
                    }
                },
                "metadata_options": {
                    "http_endpoint": {
                        "__ansible_unsafe": "enabled"
                    },
                    "http_protocol_ipv6": {
                        "__ansible_unsafe": "disabled"
                    },
                    "http_put_response_hop_limit": 1,
                    "http_tokens": {
                        "__ansible_unsafe": "optional"
                    },
                    "instance_metadata_tags": {
                        "__ansible_unsafe": "disabled"
                    },
                    "state": {
                        "__ansible_unsafe": "applied"
                    }
                },
                "mongodb_bind_ips": "127.0.0.1",
                "mongodb_host": "{{ (groups['database_servers'] | default([]) | length > 0) | ternary(groups['database_servers'] | first, (groups['backend_servers'] | default([]) | length > 0) | ternary(groups['backend_servers'] | first, 'localhost')) }}",
                "mongodb_service_name_linux": "mongod",
                "mongodb_symlink_path_linux": "/opt/mongodb",
                "monitoring": {
                    "state": {
                        "__ansible_unsafe": "disabled"
                    }
                },
                "network_interfaces": [
                    {
                        "association": {
                            "ip_owner_id": {
                                "__ansible_unsafe": "100972518102"
                            },
                            "public_dns_name": {
                                "__ansible_unsafe": "ec2-18-185-145-32.eu-central-1.compute.amazonaws.com"
                            },
                            "public_ip": {
                                "__ansible_unsafe": "18.185.145.32"
                            }
                        },
                        "attachment": {
                            "attach_time": "2025-08-29T08:19:59+00:00",
                            "attachment_id": {
                                "__ansible_unsafe": "eni-attach-02e4f68ebf513a7b7"
                            },
                            "delete_on_termination": true,
                            "device_index": 0,
                            "network_card_index": 0,
                            "status": {
                                "__ansible_unsafe": "attached"
                            }
                        },
                        "description": {
                            "__ansible_unsafe": "Bastion Network Interface"
                        },
                        "groups": [
                            {
                                "group_id": {
                                    "__ansible_unsafe": "sg-0b34e27942be241e3"
                                },
                                "group_name": {
                                    "__ansible_unsafe": "sg_public_prod"
                                }
                            }
                        ],
                        "interface_type": {
                            "__ansible_unsafe": "interface"
                        },
                        "ipv6_addresses": [],
                        "mac_address": {
                            "__ansible_unsafe": "02:cd:f7:21:73:29"
                        },
                        "network_interface_id": {
                            "__ansible_unsafe": "eni-0c427fa16efcfaf37"
                        },
                        "operator": {
                            "managed": false
                        },
                        "owner_id": {
                            "__ansible_unsafe": "100972518102"
                        },
                        "private_dns_name": {
                            "__ansible_unsafe": "ip-192-168-13-12.eu-central-1.compute.internal"
                        },
                        "private_ip_address": {
                            "__ansible_unsafe": "192.168.13.12"
                        },
                        "private_ip_addresses": [
                            {
                                "association": {
                                    "ip_owner_id": {
                                        "__ansible_unsafe": "100972518102"
                                    },
                                    "public_dns_name": {
                                        "__ansible_unsafe": "ec2-18-185-145-32.eu-central-1.compute.amazonaws.com"
                                    },
                                    "public_ip": {
                                        "__ansible_unsafe": "18.185.145.32"
                                    }
                                },
                                "primary": true,
                                "private_dns_name": {
                                    "__ansible_unsafe": "ip-192-168-13-12.eu-central-1.compute.internal"
                                },
                                "private_ip_address": {
                                    "__ansible_unsafe": "192.168.13.12"
                                }
                            }
                        ],
                        "source_dest_check": false,
                        "status": {
                            "__ansible_unsafe": "in-use"
                        },
                        "subnet_id": {
                            "__ansible_unsafe": "subnet-07ae659fb68c37770"
                        },
                        "vpc_id": {
                            "__ansible_unsafe": "vpc-0e7dc5b696c33a7a5"
                        }
                    }
                ],
                "network_performance_options": {
                    "bandwidth_weighting": {
                        "__ansible_unsafe": "default"
                    }
                },
                "nginx_service_name_linux": "nginx",
                "nginx_symlink_path_linux": "/opt/nginx",
                "operator": {
                    "hidden_by_default": false,
                    "managed": false
                },
                "owner_id": {
                    "__ansible_unsafe": "100972518102"
                },
                "payara_symlink_path_linux": "/opt/payara",
                "payara_symlink_path_windows": "C:\\adr\\payara",
                "placement": {
                    "availability_zone": {
                        "__ansible_unsafe": "eu-central-1a"
                    },
                    "availability_zone_id": {
                        "__ansible_unsafe": "euc1-az2"
                    },
                    "group_name": {
                        "__ansible_unsafe": ""
                    },
                    "region": {
                        "__ansible_unsafe": "eu-central-1"
                    },
                    "tenancy": {
                        "__ansible_unsafe": "default"
                    }
                },
                "platform": {
                    "__ansible_unsafe": "windows"
                },
                "platform_details": {
                    "__ansible_unsafe": "Windows"
                },
                "postfix_from_address": "REPLACE_ME_FROM@example.com",
                "postfix_relay_host": "REPLACE_ME_RELAY_IP",
                "postfix_relay_password": "tototototo",
                "postfix_relay_port": "587",
                "postfix_relay_user": "REPLACE_ME_USER",
                "postgresql_admin_user": "adr_superadmin",
                "postgresql_host": "{{ (groups['database_servers'] | default([]) | length > 0) | ternary(groups['database_servers'] | first, (groups['backend_servers'] | default([]) | length > 0) | ternary(groups['backend_servers'] | first, 'localhost')) }}",
                "postgresql_service_name_linux": "postgresql",
                "postgresql_symlink_path_linux": "/opt/postgresql",
                "postgresql_version": "14",
                "private_dns_name": {
                    "__ansible_unsafe": "ip-192-168-13-12.eu-central-1.compute.internal"
                },
                "private_dns_name_options": {
                    "enable_resource_name_dns_a_record": false,
                    "enable_resource_name_dns_aaaa_record": false,
                    "hostname_type": {
                        "__ansible_unsafe": "ip-name"
                    }
                },
                "private_ip_address": {
                    "__ansible_unsafe": "192.168.13.12"
                },
                "product_codes": [],
                "public_dns_name": {
                    "__ansible_unsafe": "ec2-18-185-145-32.eu-central-1.compute.amazonaws.com"
                },
                "public_ip_address": {
                    "__ansible_unsafe": "18.185.145.32"
                },
                "requester_id": {
                    "__ansible_unsafe": "119857478548"
                },
                "reservation_id": {
                    "__ansible_unsafe": "r-0943e30f55505be07"
                },
                "root_device_name": {
                    "__ansible_unsafe": "/dev/sda1"
                },
                "root_device_type": {
                    "__ansible_unsafe": "ebs"
                },
                "security_groups": [
                    {
                        "group_id": {
                            "__ansible_unsafe": "sg-0b34e27942be241e3"
                        },
                        "group_name": {
                            "__ansible_unsafe": "sg_public_prod"
                        }
                    }
                ],
                "source_dest_check": false,
                "state": {
                    "code": 16,
                    "name": {
                        "__ansible_unsafe": "running"
                    }
                },
                "state_transition_reason": {
                    "__ansible_unsafe": ""
                },
                "subnet_id": {
                    "__ansible_unsafe": "subnet-07ae659fb68c37770"
                },
                "tags": {
                    "AUTHOR": {
                        "__ansible_unsafe": "ADE"
                    },
                    "CreatedBy": {
                        "__ansible_unsafe": "CloudFormation template"
                    },
                    "Name": {
                        "__ansible_unsafe": "BASTION"
                    },
                    "PROJECT": {
                        "__ansible_unsafe": "RD-BE-ADR-DEV"
                    },
                    "TEAM": {
                        "__ansible_unsafe": "RD-LIEGE"
                    },
                    "aws:cloudformation:logical-id": {
                        "__ansible_unsafe": "InstanceBastion"
                    },
                    "aws:cloudformation:stack-id": {
                        "__ansible_unsafe": "arn:aws:cloudformation:eu-central-1:100972518102:stack/ADE-VPC-test/94eb2440-833c-11f0-b94d-0a8e2cd48d93"
                    },
                    "aws:cloudformation:stack-name": {
                        "__ansible_unsafe": "ADE-VPC-test"
                    }
                },
                "usage_operation": {
                    "__ansible_unsafe": "RunInstances:0002"
                },
                "usage_operation_update_time": "2025-08-29T08:19:59+00:00",
                "virtualization_type": {
                    "__ansible_unsafe": "hvm"
                },
                "vpc_id": {
                    "__ansible_unsafe": "vpc-0e7dc5b696c33a7a5"
                }
            },
            "Bastion-SDT": {
                "adr_base_path_linux": "/opt/adr",
                "adr_base_path_windows": "C:\\adr",
                "allowed_network_range": "127.0.0.1/32",
                "ami_launch_index": 0,
                "ansible_become": false,
                "ansible_connection": {
                    "__ansible_unsafe": "winrm"
                },
                "ansible_host": {
                    "__ansible_unsafe": "172.16.13.54"
                },
                "ansible_validate_certs": true,
                "ansible_winrm_server_cert_validation": {
                    "__ansible_unsafe": "ignore"
                },
                "architecture": {
                    "__ansible_unsafe": "x86_64"
                },
                "backend_payara_host": "{{ (groups['backend_servers'] | default([]) | length > 0) | ternary(groups['backend_servers'] | first, 'localhost') }}",
                "block_device_mappings": [
                    {
                        "device_name": {
                            "__ansible_unsafe": "/dev/sda1"
                        },
                        "ebs": {
                            "attach_time": "2023-08-09T14:44:41+00:00",
                            "delete_on_termination": true,
                            "ebs_card_index": 0,
                            "status": {
                                "__ansible_unsafe": "attached"
                            },
                            "volume_id": {
                                "__ansible_unsafe": "vol-058e44f21a5639202"
                            }
                        }
                    }
                ],
                "capacity_reservation_specification": {
                    "capacity_reservation_preference": {
                        "__ansible_unsafe": "open"
                    }
                },
                "client_token": {
                    "__ansible_unsafe": "bfa461ad-e3f6-44d9-a287-839084fbd1c2"
                },
                "cpu_options": {
                    "core_count": 1,
                    "threads_per_core": 2
                },
                "current_instance_boot_mode": {
                    "__ansible_unsafe": "legacy-bios"
                },
                "customer_name": "customer",
                "ebs_optimized": true,
                "ec2_tags": {
                    "AUTHOR": {
                        "__ansible_unsafe": "MFU"
                    },
                    "Name": {
                        "__ansible_unsafe": "Bastion-SDT"
                    },
                    "PROJECT": {
                        "__ansible_unsafe": "SDT-BE-ADR-DEV"
                    },
                    "TEAM": {
                        "__ansible_unsafe": "Project-Team"
                    }
                },
                "ena_support": true,
                "enclave_options": {
                    "enabled": false
                },
                "hibernation_options": {
                    "configured": false
                },
                "hypervisor": {
                    "__ansible_unsafe": "xen"
                },
                "image_id": {
                    "__ansible_unsafe": "ami-0df2883917b75bae7"
                },
                "include_release_vars": "vars/releases/4.0.9.yml",
                "instance_id": {
                    "__ansible_unsafe": "i-06bb7f4f54408aeb3"
                },
                "instance_type": {
                    "__ansible_unsafe": "t3a.small"
                },
                "key_name": {
                    "__ansible_unsafe": "prodshared-test"
                },
                "keycloak_host": "{{ (groups['frontend_servers'] | default([]) | length > 0) | ternary(groups['frontend_servers'] | first, 'localhost') }}",
                "keycloak_service_name_linux": "keycloak",
                "keycloak_symlink_path_linux": "/opt/keycloak",
                "keycloak_symlink_path_windows": "C:\\adr\\keycloak",
                "launch_time": "2025-12-12T09:08:24+00:00",
                "maintenance_options": {
                    "auto_recovery": {
                        "__ansible_unsafe": "default"
                    },
                    "reboot_migration": {
                        "__ansible_unsafe": "default"
                    }
                },
                "metadata_options": {
                    "http_endpoint": {
                        "__ansible_unsafe": "enabled"
                    },
                    "http_protocol_ipv6": {
                        "__ansible_unsafe": "disabled"
                    },
                    "http_put_response_hop_limit": 1,
                    "http_tokens": {
                        "__ansible_unsafe": "optional"
                    },
                    "instance_metadata_tags": {
                        "__ansible_unsafe": "disabled"
                    },
                    "state": {
                        "__ansible_unsafe": "applied"
                    }
                },
                "mongodb_bind_ips": "127.0.0.1",
                "mongodb_host": "{{ (groups['database_servers'] | default([]) | length > 0) | ternary(groups['database_servers'] | first, (groups['backend_servers'] | default([]) | length > 0) | ternary(groups['backend_servers'] | first, 'localhost')) }}",
                "mongodb_service_name_linux": "mongod",
                "mongodb_symlink_path_linux": "/opt/mongodb",
                "monitoring": {
                    "state": {
                        "__ansible_unsafe": "disabled"
                    }
                },
                "network_interfaces": [
                    {
                        "association": {
                            "ip_owner_id": {
                                "__ansible_unsafe": "amazon"
                            },
                            "public_dns_name": {
                                "__ansible_unsafe": "ec2-63-179-0-14.eu-central-1.compute.amazonaws.com"
                            },
                            "public_ip": {
                                "__ansible_unsafe": "63.179.0.14"
                            }
                        },
                        "attachment": {
                            "attach_time": "2023-08-09T14:44:40+00:00",
                            "attachment_id": {
                                "__ansible_unsafe": "eni-attach-0e37653228c952a24"
                            },
                            "delete_on_termination": true,
                            "device_index": 0,
                            "network_card_index": 0,
                            "status": {
                                "__ansible_unsafe": "attached"
                            }
                        },
                        "description": {
                            "__ansible_unsafe": ""
                        },
                        "groups": [
                            {
                                "group_id": {
                                    "__ansible_unsafe": "sg-0e89a76f948e23185"
                                },
                                "group_name": {
                                    "__ansible_unsafe": "sg_public_prod_test"
                                }
                            }
                        ],
                        "interface_type": {
                            "__ansible_unsafe": "interface"
                        },
                        "ipv6_addresses": [],
                        "mac_address": {
                            "__ansible_unsafe": "02:1d:a9:fc:02:da"
                        },
                        "network_interface_id": {
                            "__ansible_unsafe": "eni-0a954b1c9fc9b5c3f"
                        },
                        "operator": {
                            "managed": false
                        },
                        "owner_id": {
                            "__ansible_unsafe": "100972518102"
                        },
                        "private_dns_name": {
                            "__ansible_unsafe": "ip-172-16-13-54.eu-central-1.compute.internal"
                        },
                        "private_ip_address": {
                            "__ansible_unsafe": "172.16.13.54"
                        },
                        "private_ip_addresses": [
                            {
                                "association": {
                                    "ip_owner_id": {
                                        "__ansible_unsafe": "amazon"
                                    },
                                    "public_dns_name": {
                                        "__ansible_unsafe": "ec2-63-179-0-14.eu-central-1.compute.amazonaws.com"
                                    },
                                    "public_ip": {
                                        "__ansible_unsafe": "63.179.0.14"
                                    }
                                },
                                "primary": true,
                                "private_dns_name": {
                                    "__ansible_unsafe": "ip-172-16-13-54.eu-central-1.compute.internal"
                                },
                                "private_ip_address": {
                                    "__ansible_unsafe": "172.16.13.54"
                                }
                            },
                            {
                                "primary": false,
                                "private_dns_name": {
                                    "__ansible_unsafe": "ip-172-16-13-154.eu-central-1.compute.internal"
                                },
                                "private_ip_address": {
                                    "__ansible_unsafe": "172.16.13.154"
                                }
                            }
                        ],
                        "source_dest_check": true,
                        "status": {
                            "__ansible_unsafe": "in-use"
                        },
                        "subnet_id": {
                            "__ansible_unsafe": "subnet-0c25252cfc432481f"
                        },
                        "vpc_id": {
                            "__ansible_unsafe": "vpc-0f41a404a6013f73f"
                        }
                    }
                ],
                "network_performance_options": {
                    "bandwidth_weighting": {
                        "__ansible_unsafe": "default"
                    }
                },
                "nginx_service_name_linux": "nginx",
                "nginx_symlink_path_linux": "/opt/nginx",
                "operator": {
                    "hidden_by_default": false,
                    "managed": false
                },
                "owner_id": {
                    "__ansible_unsafe": "100972518102"
                },
                "payara_symlink_path_linux": "/opt/payara",
                "payara_symlink_path_windows": "C:\\adr\\payara",
                "placement": {
                    "availability_zone": {
                        "__ansible_unsafe": "eu-central-1a"
                    },
                    "availability_zone_id": {
                        "__ansible_unsafe": "euc1-az2"
                    },
                    "group_name": {
                        "__ansible_unsafe": ""
                    },
                    "region": {
                        "__ansible_unsafe": "eu-central-1"
                    },
                    "tenancy": {
                        "__ansible_unsafe": "default"
                    }
                },
                "platform": {
                    "__ansible_unsafe": "windows"
                },
                "platform_details": {
                    "__ansible_unsafe": "Windows"
                },
                "postfix_from_address": "REPLACE_ME_FROM@example.com",
                "postfix_relay_host": "REPLACE_ME_RELAY_IP",
                "postfix_relay_password": "tototototo",
                "postfix_relay_port": "587",
                "postfix_relay_user": "REPLACE_ME_USER",
                "postgresql_admin_user": "adr_superadmin",
                "postgresql_host": "{{ (groups['database_servers'] | default([]) | length > 0) | ternary(groups['database_servers'] | first, (groups['backend_servers'] | default([]) | length > 0) | ternary(groups['backend_servers'] | first, 'localhost')) }}",
                "postgresql_service_name_linux": "postgresql",
                "postgresql_symlink_path_linux": "/opt/postgresql",
                "postgresql_version": "14",
                "private_dns_name": {
                    "__ansible_unsafe": "ip-172-16-13-54.eu-central-1.compute.internal"
                },
                "private_dns_name_options": {
                    "enable_resource_name_dns_a_record": false,
                    "enable_resource_name_dns_aaaa_record": false,
                    "hostname_type": {
                        "__ansible_unsafe": "ip-name"
                    }
                },
                "private_ip_address": {
                    "__ansible_unsafe": "172.16.13.54"
                },
                "product_codes": [],
                "public_dns_name": {
                    "__ansible_unsafe": "ec2-63-179-0-14.eu-central-1.compute.amazonaws.com"
                },
                "public_ip_address": {
                    "__ansible_unsafe": "63.179.0.14"
                },
                "requester_id": {
                    "__ansible_unsafe": ""
                },
                "reservation_id": {
                    "__ansible_unsafe": "r-09723384c4f0460bf"
                },
                "root_device_name": {
                    "__ansible_unsafe": "/dev/sda1"
                },
                "root_device_type": {
                    "__ansible_unsafe": "ebs"
                },
                "security_groups": [
                    {
                        "group_id": {
                            "__ansible_unsafe": "sg-0e89a76f948e23185"
                        },
                        "group_name": {
                            "__ansible_unsafe": "sg_public_prod_test"
                        }
                    }
                ],
                "source_dest_check": true,
                "state": {
                    "code": 16,
                    "name": {
                        "__ansible_unsafe": "running"
                    }
                },
                "state_transition_reason": {
                    "__ansible_unsafe": ""
                },
                "subnet_id": {
                    "__ansible_unsafe": "subnet-0c25252cfc432481f"
                },
                "tags": {
                    "AUTHOR": {
                        "__ansible_unsafe": "MFU"
                    },
                    "Name": {
                        "__ansible_unsafe": "Bastion-SDT"
                    },
                    "PROJECT": {
                        "__ansible_unsafe": "SDT-BE-ADR-DEV"
                    },
                    "TEAM": {
                        "__ansible_unsafe": "Project-Team"
                    }
                },
                "usage_operation": {
                    "__ansible_unsafe": "RunInstances:0002"
                },
                "usage_operation_update_time": "2023-08-09T14:44:40+00:00",
                "virtualization_type": {
                    "__ansible_unsafe": "hvm"
                },
                "vpc_id": {
                    "__ansible_unsafe": "vpc-0f41a404a6013f73f"
                }
            },
            "Bastion/Tunnel Instance": {
                "adr_base_path_linux": "/opt/adr",
                "adr_base_path_windows": "C:\\adr",
                "allowed_network_range": "127.0.0.1/32",
                "ami_launch_index": 0,
                "ansible_become": true,
                "ansible_connection": {
                    "__ansible_unsafe": "ssh"
                },
                "ansible_host": {
                    "__ansible_unsafe": "172.16.13.206"
                },
                "ansible_validate_certs": true,
                "architecture": {
                    "__ansible_unsafe": "x86_64"
                },
                "backend_payara_host": "{{ (groups['backend_servers'] | default([]) | length > 0) | ternary(groups['backend_servers'] | first, 'localhost') }}",
                "block_device_mappings": [
                    {
                        "device_name": {
                            "__ansible_unsafe": "/dev/xvda"
                        },
                        "ebs": {
                            "attach_time": "2021-12-17T11:55:11+00:00",
                            "delete_on_termination": true,
                            "ebs_card_index": 0,
                            "status": {
                                "__ansible_unsafe": "attached"
                            },
                            "volume_id": {
                                "__ansible_unsafe": "vol-0b4f8bd560c3f6301"
                            }
                        }
                    }
                ],
                "capacity_reservation_specification": {
                    "capacity_reservation_preference": {
                        "__ansible_unsafe": "open"
                    }
                },
                "client_token": {
                    "__ansible_unsafe": ""
                },
                "cpu_options": {
                    "core_count": 1,
                    "threads_per_core": 1
                },
                "current_instance_boot_mode": {
                    "__ansible_unsafe": "legacy-bios"
                },
                "customer_name": "customer",
                "ebs_optimized": false,
                "ec2_tags": {
                    "AUTHOR": {
                        "__ansible_unsafe": "MEN"
                    },
                    "Name": {
                        "__ansible_unsafe": "Bastion/Tunnel Instance"
                    },
                    "PROJECT": {
                        "__ansible_unsafe": "IT-SHARED-PROD"
                    },
                    "TEAM": {
                        "__ansible_unsafe": "RD-Liege"
                    },
                    "backup": {
                        "__ansible_unsafe": "yes"
                    }
                },
                "ena_support": true,
                "enclave_options": {
                    "enabled": false
                },
                "hibernation_options": {
                    "configured": false
                },
                "hypervisor": {
                    "__ansible_unsafe": "xen"
                },
                "image_id": {
                    "__ansible_unsafe": "ami-05d34d340fb1d89e5"
                },
                "include_release_vars": "vars/releases/4.0.9.yml",
                "instance_id": {
                    "__ansible_unsafe": "i-0ed84fe15edf6c42b"
                },
                "instance_type": {
                    "__ansible_unsafe": "t2.small"
                },
                "key_name": {
                    "__ansible_unsafe": "cle-aws-1"
                },
                "keycloak_host": "{{ (groups['frontend_servers'] | default([]) | length > 0) | ternary(groups['frontend_servers'] | first, 'localhost') }}",
                "keycloak_service_name_linux": "keycloak",
                "keycloak_symlink_path_linux": "/opt/keycloak",
                "keycloak_symlink_path_windows": "C:\\adr\\keycloak",
                "launch_time": "2021-12-17T11:55:11+00:00",
                "maintenance_options": {
                    "auto_recovery": {
                        "__ansible_unsafe": "default"
                    },
                    "reboot_migration": {
                        "__ansible_unsafe": "default"
                    }
                },
                "metadata_options": {
                    "http_endpoint": {
                        "__ansible_unsafe": "enabled"
                    },
                    "http_protocol_ipv6": {
                        "__ansible_unsafe": "disabled"
                    },
                    "http_put_response_hop_limit": 1,
                    "http_tokens": {
                        "__ansible_unsafe": "optional"
                    },
                    "instance_metadata_tags": {
                        "__ansible_unsafe": "disabled"
                    },
                    "state": {
                        "__ansible_unsafe": "applied"
                    }
                },
                "mongodb_bind_ips": "127.0.0.1",
                "mongodb_host": "{{ (groups['database_servers'] | default([]) | length > 0) | ternary(groups['database_servers'] | first, (groups['backend_servers'] | default([]) | length > 0) | ternary(groups['backend_servers'] | first, 'localhost')) }}",
                "mongodb_service_name_linux": "mongod",
                "mongodb_symlink_path_linux": "/opt/mongodb",
                "monitoring": {
                    "state": {
                        "__ansible_unsafe": "disabled"
                    }
                },
                "network_interfaces": [
                    {
                        "association": {
                            "ip_owner_id": {
                                "__ansible_unsafe": "amazon"
                            },
                            "public_dns_name": {
                                "__ansible_unsafe": "ec2-3-71-84-78.eu-central-1.compute.amazonaws.com"
                            },
                            "public_ip": {
                                "__ansible_unsafe": "3.71.84.78"
                            }
                        },
                        "attachment": {
                            "attach_time": "2021-12-17T11:55:11+00:00",
                            "attachment_id": {
                                "__ansible_unsafe": "eni-attach-0a51054694b28fac0"
                            },
                            "delete_on_termination": true,
                            "device_index": 0,
                            "network_card_index": 0,
                            "status": {
                                "__ansible_unsafe": "attached"
                            }
                        },
                        "description": {
                            "__ansible_unsafe": "Primary network interface"
                        },
                        "groups": [
                            {
                                "group_id": {
                                    "__ansible_unsafe": "sg-0c2163e9c4a0f885b"
                                },
                                "group_name": {
                                    "__ansible_unsafe": "AmpacimonDMZ"
                                }
                            }
                        ],
                        "interface_type": {
                            "__ansible_unsafe": "interface"
                        },
                        "ipv6_addresses": [],
                        "mac_address": {
                            "__ansible_unsafe": "02:e2:0f:ab:80:c0"
                        },
                        "network_interface_id": {
                            "__ansible_unsafe": "eni-0ce88a6c46ef7c994"
                        },
                        "operator": {
                            "managed": false
                        },
                        "owner_id": {
                            "__ansible_unsafe": "100972518102"
                        },
                        "private_dns_name": {
                            "__ansible_unsafe": "ip-172-16-13-206.eu-central-1.compute.internal"
                        },
                        "private_ip_address": {
                            "__ansible_unsafe": "172.16.13.206"
                        },
                        "private_ip_addresses": [
                            {
                                "association": {
                                    "ip_owner_id": {
                                        "__ansible_unsafe": "amazon"
                                    },
                                    "public_dns_name": {
                                        "__ansible_unsafe": "ec2-3-71-84-78.eu-central-1.compute.amazonaws.com"
                                    },
                                    "public_ip": {
                                        "__ansible_unsafe": "3.71.84.78"
                                    }
                                },
                                "primary": true,
                                "private_dns_name": {
                                    "__ansible_unsafe": "ip-172-16-13-206.eu-central-1.compute.internal"
                                },
                                "private_ip_address": {
                                    "__ansible_unsafe": "172.16.13.206"
                                }
                            }
                        ],
                        "source_dest_check": true,
                        "status": {
                            "__ansible_unsafe": "in-use"
                        },
                        "subnet_id": {
                            "__ansible_unsafe": "subnet-0c25252cfc432481f"
                        },
                        "vpc_id": {
                            "__ansible_unsafe": "vpc-0f41a404a6013f73f"
                        }
                    }
                ],
                "network_performance_options": {
                    "bandwidth_weighting": {
                        "__ansible_unsafe": "default"
                    }
                },
                "nginx_service_name_linux": "nginx",
                "nginx_symlink_path_linux": "/opt/nginx",
                "operator": {
                    "hidden_by_default": false,
                    "managed": false
                },
                "owner_id": {
                    "__ansible_unsafe": "100972518102"
                },
                "payara_symlink_path_linux": "/opt/payara",
                "payara_symlink_path_windows": "C:\\adr\\payara",
                "placement": {
                    "availability_zone": {
                        "__ansible_unsafe": "eu-central-1a"
                    },
                    "availability_zone_id": {
                        "__ansible_unsafe": "euc1-az2"
                    },
                    "group_name": {
                        "__ansible_unsafe": ""
                    },
                    "region": {
                        "__ansible_unsafe": "eu-central-1"
                    },
                    "tenancy": {
                        "__ansible_unsafe": "default"
                    }
                },
                "platform_details": {
                    "__ansible_unsafe": "Linux/UNIX"
                },
                "postfix_from_address": "REPLACE_ME_FROM@example.com",
                "postfix_relay_host": "REPLACE_ME_RELAY_IP",
                "postfix_relay_password": "tototototo",
                "postfix_relay_port": "587",
                "postfix_relay_user": "REPLACE_ME_USER",
                "postgresql_admin_user": "adr_superadmin",
                "postgresql_host": "{{ (groups['database_servers'] | default([]) | length > 0) | ternary(groups['database_servers'] | first, (groups['backend_servers'] | default([]) | length > 0) | ternary(groups['backend_servers'] | first, 'localhost')) }}",
                "postgresql_service_name_linux": "postgresql",
                "postgresql_symlink_path_linux": "/opt/postgresql",
                "postgresql_version": "14",
                "private_dns_name": {
                    "__ansible_unsafe": "ip-172-16-13-206.eu-central-1.compute.internal"
                },
                "private_dns_name_options": {
                    "enable_resource_name_dns_a_record": true,
                    "enable_resource_name_dns_aaaa_record": false,
                    "hostname_type": {
                        "__ansible_unsafe": "ip-name"
                    }
                },
                "private_ip_address": {
                    "__ansible_unsafe": "172.16.13.206"
                },
                "product_codes": [],
                "public_dns_name": {
                    "__ansible_unsafe": "ec2-3-71-84-78.eu-central-1.compute.amazonaws.com"
                },
                "public_ip_address": {
                    "__ansible_unsafe": "3.71.84.78"
                },
                "requester_id": {
                    "__ansible_unsafe": ""
                },
                "reservation_id": {
                    "__ansible_unsafe": "r-0dab3314ad85fcc58"
                },
                "root_device_name": {
                    "__ansible_unsafe": "/dev/xvda"
                },
                "root_device_type": {
                    "__ansible_unsafe": "ebs"
                },
                "security_groups": [
                    {
                        "group_id": {
                            "__ansible_unsafe": "sg-0c2163e9c4a0f885b"
                        },
                        "group_name": {
                            "__ansible_unsafe": "AmpacimonDMZ"
                        }
                    }
                ],
                "source_dest_check": true,
                "state": {
                    "code": 16,
                    "name": {
                        "__ansible_unsafe": "running"
                    }
                },
                "state_transition_reason": {
                    "__ansible_unsafe": ""
                },
                "subnet_id": {
                    "__ansible_unsafe": "subnet-0c25252cfc432481f"
                },
                "tags": {
                    "AUTHOR": {
                        "__ansible_unsafe": "MEN"
                    },
                    "Name": {
                        "__ansible_unsafe": "Bastion/Tunnel Instance"
                    },
                    "PROJECT": {
                        "__ansible_unsafe": "IT-SHARED-PROD"
                    },
                    "TEAM": {
                        "__ansible_unsafe": "RD-Liege"
                    },
                    "backup": {
                        "__ansible_unsafe": "yes"
                    }
                },
                "usage_operation": {
                    "__ansible_unsafe": "RunInstances"
                },
                "usage_operation_update_time": "2021-12-17T11:55:11+00:00",
                "virtualization_type": {
                    "__ansible_unsafe": "hvm"
                },
                "vpc_id": {
                    "__ansible_unsafe": "vpc-0f41a404a6013f73f"
                }
            },
            "FleetManagementGrafana": {
                "adr_base_path_linux": "/opt/adr",
                "adr_base_path_windows": "C:\\adr",
                "allowed_network_range": "127.0.0.1/32",
                "ami_launch_index": 0,
                "ansible_become": true,
                "ansible_connection": {
                    "__ansible_unsafe": "ssh"
                },
                "ansible_host": {
                    "__ansible_unsafe": "172.16.20.38"
                },
                "ansible_validate_certs": true,
                "architecture": {
                    "__ansible_unsafe": "x86_64"
                },
                "backend_payara_host": "{{ (groups['backend_servers'] | default([]) | length > 0) | ternary(groups['backend_servers'] | first, 'localhost') }}",
                "block_device_mappings": [
                    {
                        "device_name": {
                            "__ansible_unsafe": "/dev/sda1"
                        },
                        "ebs": {
                            "attach_time": "2025-06-17T07:07:46+00:00",
                            "delete_on_termination": true,
                            "ebs_card_index": 0,
                            "status": {
                                "__ansible_unsafe": "attached"
                            },
                            "volume_id": {
                                "__ansible_unsafe": "vol-07e537ab10f41d0de"
                            }
                        }
                    }
                ],
                "boot_mode": {
                    "__ansible_unsafe": "uefi-preferred"
                },
                "capacity_reservation_specification": {
                    "capacity_reservation_preference": {
                        "__ansible_unsafe": "open"
                    }
                },
                "client_token": {
                    "__ansible_unsafe": "3104b6d0-8324-4141-9a2f-7c075297388d"
                },
                "cpu_options": {
                    "core_count": 1,
                    "threads_per_core": 1
                },
                "current_instance_boot_mode": {
                    "__ansible_unsafe": "legacy-bios"
                },
                "customer_name": "customer",
                "ebs_optimized": false,
                "ec2_tags": {
                    "AUTHOR": {
                        "__ansible_unsafe": "SCH"
                    },
                    "BACKUP": {
                        "__ansible_unsafe": ""
                    },
                    "Name": {
                        "__ansible_unsafe": "FleetManagementGrafana"
                    },
                    "PROJECT": {
                        "__ansible_unsafe": "SDT-US-ADR-PROD"
                    },
                    "TEAM": {
                        "__ansible_unsafe": "RD-LIEGE"
                    },
                    "backup": {
                        "__ansible_unsafe": "yes"
                    }
                },
                "ena_support": true,
                "enclave_options": {
                    "enabled": false
                },
                "hibernation_options": {
                    "configured": false
                },
                "hypervisor": {
                    "__ansible_unsafe": "xen"
                },
                "image_id": {
                    "__ansible_unsafe": "ami-020cba7c55df1f615"
                },
                "include_release_vars": "vars/releases/4.0.9.yml",
                "instance_id": {
                    "__ansible_unsafe": "i-0716d8bb391928304"
                },
                "instance_type": {
                    "__ansible_unsafe": "t2.micro"
                },
                "key_name": {
                    "__ansible_unsafe": "FleetManagement2025"
                },
                "keycloak_host": "{{ (groups['frontend_servers'] | default([]) | length > 0) | ternary(groups['frontend_servers'] | first, 'localhost') }}",
                "keycloak_service_name_linux": "keycloak",
                "keycloak_symlink_path_linux": "/opt/keycloak",
                "keycloak_symlink_path_windows": "C:\\adr\\keycloak",
                "launch_time": "2025-06-17T07:07:46+00:00",
                "maintenance_options": {
                    "auto_recovery": {
                        "__ansible_unsafe": "default"
                    },
                    "reboot_migration": {
                        "__ansible_unsafe": "default"
                    }
                },
                "metadata_options": {
                    "http_endpoint": {
                        "__ansible_unsafe": "enabled"
                    },
                    "http_protocol_ipv6": {
                        "__ansible_unsafe": "disabled"
                    },
                    "http_put_response_hop_limit": 2,
                    "http_tokens": {
                        "__ansible_unsafe": "required"
                    },
                    "instance_metadata_tags": {
                        "__ansible_unsafe": "disabled"
                    },
                    "state": {
                        "__ansible_unsafe": "applied"
                    }
                },
                "mongodb_bind_ips": "127.0.0.1",
                "mongodb_host": "{{ (groups['database_servers'] | default([]) | length > 0) | ternary(groups['database_servers'] | first, (groups['backend_servers'] | default([]) | length > 0) | ternary(groups['backend_servers'] | first, 'localhost')) }}",
                "mongodb_service_name_linux": "mongod",
                "mongodb_symlink_path_linux": "/opt/mongodb",
                "monitoring": {
                    "state": {
                        "__ansible_unsafe": "disabled"
                    }
                },
                "network_interfaces": [
                    {
                        "attachment": {
                            "attach_time": "2025-06-17T07:07:46+00:00",
                            "attachment_id": {
                                "__ansible_unsafe": "eni-attach-096bb93aa63118324"
                            },
                            "delete_on_termination": true,
                            "device_index": 0,
                            "network_card_index": 0,
                            "status": {
                                "__ansible_unsafe": "attached"
                            }
                        },
                        "description": {
                            "__ansible_unsafe": ""
                        },
                        "groups": [
                            {
                                "group_id": {
                                    "__ansible_unsafe": "sg-05077c734e958737d"
                                },
                                "group_name": {
                                    "__ansible_unsafe": "Jenkins"
                                }
                            }
                        ],
                        "interface_type": {
                            "__ansible_unsafe": "interface"
                        },
                        "ipv6_addresses": [],
                        "mac_address": {
                            "__ansible_unsafe": "12:e6:00:1e:0b:9f"
                        },
                        "network_interface_id": {
                            "__ansible_unsafe": "eni-0c40241fe914a6305"
                        },
                        "operator": {
                            "managed": false
                        },
                        "owner_id": {
                            "__ansible_unsafe": "100972518102"
                        },
                        "private_dns_name": {
                            "__ansible_unsafe": "ip-172-16-20-38.ec2.internal"
                        },
                        "private_ip_address": {
                            "__ansible_unsafe": "172.16.20.38"
                        },
                        "private_ip_addresses": [
                            {
                                "primary": true,
                                "private_dns_name": {
                                    "__ansible_unsafe": "ip-172-16-20-38.ec2.internal"
                                },
                                "private_ip_address": {
                                    "__ansible_unsafe": "172.16.20.38"
                                }
                            }
                        ],
                        "source_dest_check": false,
                        "status": {
                            "__ansible_unsafe": "in-use"
                        },
                        "subnet_id": {
                            "__ansible_unsafe": "subnet-04cc578ddfb44974c"
                        },
                        "vpc_id": {
                            "__ansible_unsafe": "vpc-04f57002ad84fe31c"
                        }
                    }
                ],
                "network_performance_options": {
                    "bandwidth_weighting": {
                        "__ansible_unsafe": "default"
                    }
                },
                "nginx_service_name_linux": "nginx",
                "nginx_symlink_path_linux": "/opt/nginx",
                "operator": {
                    "hidden_by_default": false,
                    "managed": false
                },
                "owner_id": {
                    "__ansible_unsafe": "100972518102"
                },
                "payara_symlink_path_linux": "/opt/payara",
                "payara_symlink_path_windows": "C:\\adr\\payara",
                "placement": {
                    "availability_zone": {
                        "__ansible_unsafe": "us-east-1b"
                    },
                    "availability_zone_id": {
                        "__ansible_unsafe": "use1-az2"
                    },
                    "group_name": {
                        "__ansible_unsafe": ""
                    },
                    "region": {
                        "__ansible_unsafe": "us-east-1"
                    },
                    "tenancy": {
                        "__ansible_unsafe": "default"
                    }
                },
                "platform_details": {
                    "__ansible_unsafe": "Linux/UNIX"
                },
                "postfix_from_address": "REPLACE_ME_FROM@example.com",
                "postfix_relay_host": "REPLACE_ME_RELAY_IP",
                "postfix_relay_password": "tototototo",
                "postfix_relay_port": "587",
                "postfix_relay_user": "REPLACE_ME_USER",
                "postgresql_admin_user": "adr_superadmin",
                "postgresql_host": "{{ (groups['database_servers'] | default([]) | length > 0) | ternary(groups['database_servers'] | first, (groups['backend_servers'] | default([]) | length > 0) | ternary(groups['backend_servers'] | first, 'localhost')) }}",
                "postgresql_service_name_linux": "postgresql",
                "postgresql_symlink_path_linux": "/opt/postgresql",
                "postgresql_version": "14",
                "private_dns_name": {
                    "__ansible_unsafe": "ip-172-16-20-38.ec2.internal"
                },
                "private_dns_name_options": {
                    "enable_resource_name_dns_a_record": false,
                    "enable_resource_name_dns_aaaa_record": false,
                    "hostname_type": {
                        "__ansible_unsafe": "ip-name"
                    }
                },
                "private_ip_address": {
                    "__ansible_unsafe": "172.16.20.38"
                },
                "product_codes": [],
                "public_dns_name": {
                    "__ansible_unsafe": ""
                },
                "requester_id": {
                    "__ansible_unsafe": ""
                },
                "reservation_id": {
                    "__ansible_unsafe": "r-0299a8e145a91d566"
                },
                "root_device_name": {
                    "__ansible_unsafe": "/dev/sda1"
                },
                "root_device_type": {
                    "__ansible_unsafe": "ebs"
                },
                "secondary_interfaces": [],
                "security_groups": [
                    {
                        "group_id": {
                            "__ansible_unsafe": "sg-05077c734e958737d"
                        },
                        "group_name": {
                            "__ansible_unsafe": "Jenkins"
                        }
                    }
                ],
                "source_dest_check": false,
                "state": {
                    "code": 16,
                    "name": {
                        "__ansible_unsafe": "running"
                    }
                },
                "state_transition_reason": {
                    "__ansible_unsafe": ""
                },
                "subnet_id": {
                    "__ansible_unsafe": "subnet-04cc578ddfb44974c"
                },
                "tags": {
                    "AUTHOR": {
                        "__ansible_unsafe": "SCH"
                    },
                    "BACKUP": {
                        "__ansible_unsafe": ""
                    },
                    "Name": {
                        "__ansible_unsafe": "FleetManagementGrafana"
                    },
                    "PROJECT": {
                        "__ansible_unsafe": "SDT-US-ADR-PROD"
                    },
                    "TEAM": {
                        "__ansible_unsafe": "RD-LIEGE"
                    },
                    "backup": {
                        "__ansible_unsafe": "yes"
                    }
                },
                "usage_operation": {
                    "__ansible_unsafe": "RunInstances"
                },
                "usage_operation_update_time": "2025-06-17T07:07:46+00:00",
                "virtualization_type": {
                    "__ansible_unsafe": "hvm"
                },
                "vpc_id": {
                    "__ansible_unsafe": "vpc-04f57002ad84fe31c"
                }
            },
            "Hawkbit-ACC-NEW": {
                "adr_base_path_linux": "/opt/adr",
                "adr_base_path_windows": "C:\\adr",
                "allowed_network_range": "127.0.0.1/32",
                "ami_launch_index": 0,
                "ansible_become": true,
                "ansible_connection": {
                    "__ansible_unsafe": "ssh"
                },
                "ansible_host": {
                    "__ansible_unsafe": "172.16.10.211"
                },
                "ansible_validate_certs": true,
                "architecture": {
                    "__ansible_unsafe": "x86_64"
                },
                "backend_payara_host": "{{ (groups['backend_servers'] | default([]) | length > 0) | ternary(groups['backend_servers'] | first, 'localhost') }}",
                "block_device_mappings": [
                    {
                        "device_name": {
                            "__ansible_unsafe": "/dev/sda1"
                        },
                        "ebs": {
                            "attach_time": "2024-09-12T12:26:04+00:00",
                            "delete_on_termination": true,
                            "ebs_card_index": 0,
                            "status": {
                                "__ansible_unsafe": "attached"
                            },
                            "volume_id": {
                                "__ansible_unsafe": "vol-0528cc74050243735"
                            }
                        }
                    }
                ],
                "boot_mode": {
                    "__ansible_unsafe": "uefi-preferred"
                },
                "capacity_reservation_specification": {
                    "capacity_reservation_preference": {
                        "__ansible_unsafe": "open"
                    }
                },
                "client_token": {
                    "__ansible_unsafe": "386d1cc1-660c-4620-8ae8-d54391276ec7"
                },
                "cpu_options": {
                    "core_count": 1,
                    "threads_per_core": 1
                },
                "current_instance_boot_mode": {
                    "__ansible_unsafe": "legacy-bios"
                },
                "customer_name": "customer",
                "ebs_optimized": false,
                "ec2_tags": {
                    "AUTHOR": {
                        "__ansible_unsafe": "MEN"
                    },
                    "Name": {
                        "__ansible_unsafe": "Hawkbit-ACC-NEW"
                    },
                    "PROJECT": {
                        "__ansible_unsafe": "RD-BE-ADR-ACC"
                    },
                    "TEAM": {
                        "__ansible_unsafe": "RD-LIEGE"
                    },
                    "backup": {
                        "__ansible_unsafe": "yes"
                    }
                },
                "ena_support": true,
                "enclave_options": {
                    "enabled": false
                },
                "hibernation_options": {
                    "configured": false
                },
                "hypervisor": {
                    "__ansible_unsafe": "xen"
                },
                "image_id": {
                    "__ansible_unsafe": "ami-07652eda1fbad7432"
                },
                "include_release_vars": "vars/releases/4.0.9.yml",
                "instance_id": {
                    "__ansible_unsafe": "i-06b0f75ee668397bb"
                },
                "instance_type": {
                    "__ansible_unsafe": "t2.small"
                },
                "key_name": {
                    "__ansible_unsafe": "Ampacimon-2024"
                },
                "keycloak_host": "{{ (groups['frontend_servers'] | default([]) | length > 0) | ternary(groups['frontend_servers'] | first, 'localhost') }}",
                "keycloak_service_name_linux": "keycloak",
                "keycloak_symlink_path_linux": "/opt/keycloak",
                "keycloak_symlink_path_windows": "C:\\adr\\keycloak",
                "launch_time": "2024-09-12T12:26:04+00:00",
                "maintenance_options": {
                    "auto_recovery": {
                        "__ansible_unsafe": "default"
                    },
                    "reboot_migration": {
                        "__ansible_unsafe": "default"
                    }
                },
                "metadata_options": {
                    "http_endpoint": {
                        "__ansible_unsafe": "enabled"
                    },
                    "http_protocol_ipv6": {
                        "__ansible_unsafe": "disabled"
                    },
                    "http_put_response_hop_limit": 2,
                    "http_tokens": {
                        "__ansible_unsafe": "required"
                    },
                    "instance_metadata_tags": {
                        "__ansible_unsafe": "disabled"
                    },
                    "state": {
                        "__ansible_unsafe": "applied"
                    }
                },
                "mongodb_bind_ips": "127.0.0.1",
                "mongodb_host": "{{ (groups['database_servers'] | default([]) | length > 0) | ternary(groups['database_servers'] | first, (groups['backend_servers'] | default([]) | length > 0) | ternary(groups['backend_servers'] | first, 'localhost')) }}",
                "mongodb_service_name_linux": "mongod",
                "mongodb_symlink_path_linux": "/opt/mongodb",
                "monitoring": {
                    "state": {
                        "__ansible_unsafe": "disabled"
                    }
                },
                "network_interfaces": [
                    {
                        "attachment": {
                            "attach_time": "2024-09-12T12:26:04+00:00",
                            "attachment_id": {
                                "__ansible_unsafe": "eni-attach-05764bc950987bbef"
                            },
                            "delete_on_termination": true,
                            "device_index": 0,
                            "network_card_index": 0,
                            "status": {
                                "__ansible_unsafe": "attached"
                            }
                        },
                        "description": {
                            "__ansible_unsafe": ""
                        },
                        "groups": [
                            {
                                "group_id": {
                                    "__ansible_unsafe": "sg-0836175700be9f2a2"
                                },
                                "group_name": {
                                    "__ansible_unsafe": "hawkbit-ec2-sg"
                                }
                            },
                            {
                                "group_id": {
                                    "__ansible_unsafe": "sg-048316369a6a12cc5"
                                },
                                "group_name": {
                                    "__ansible_unsafe": "ec2-rds-1"
                                }
                            }
                        ],
                        "interface_type": {
                            "__ansible_unsafe": "interface"
                        },
                        "ipv6_addresses": [],
                        "mac_address": {
                            "__ansible_unsafe": "02:a2:89:fc:29:ef"
                        },
                        "network_interface_id": {
                            "__ansible_unsafe": "eni-04f5113ce12bdbe47"
                        },
                        "operator": {
                            "managed": false
                        },
                        "owner_id": {
                            "__ansible_unsafe": "100972518102"
                        },
                        "private_dns_name": {
                            "__ansible_unsafe": "ip-172-16-10-211.eu-central-1.compute.internal"
                        },
                        "private_ip_address": {
                            "__ansible_unsafe": "172.16.10.211"
                        },
                        "private_ip_addresses": [
                            {
                                "primary": true,
                                "private_dns_name": {
                                    "__ansible_unsafe": "ip-172-16-10-211.eu-central-1.compute.internal"
                                },
                                "private_ip_address": {
                                    "__ansible_unsafe": "172.16.10.211"
                                }
                            }
                        ],
                        "source_dest_check": true,
                        "status": {
                            "__ansible_unsafe": "in-use"
                        },
                        "subnet_id": {
                            "__ansible_unsafe": "subnet-0210466c5b16bdd17"
                        },
                        "vpc_id": {
                            "__ansible_unsafe": "vpc-0f41a404a6013f73f"
                        }
                    }
                ],
                "network_performance_options": {
                    "bandwidth_weighting": {
                        "__ansible_unsafe": "default"
                    }
                },
                "nginx_service_name_linux": "nginx",
                "nginx_symlink_path_linux": "/opt/nginx",
                "operator": {
                    "hidden_by_default": false,
                    "managed": false
                },
                "owner_id": {
                    "__ansible_unsafe": "100972518102"
                },
                "payara_symlink_path_linux": "/opt/payara",
                "payara_symlink_path_windows": "C:\\adr\\payara",
                "placement": {
                    "availability_zone": {
                        "__ansible_unsafe": "eu-central-1a"
                    },
                    "availability_zone_id": {
                        "__ansible_unsafe": "euc1-az2"
                    },
                    "group_name": {
                        "__ansible_unsafe": ""
                    },
                    "region": {
                        "__ansible_unsafe": "eu-central-1"
                    },
                    "tenancy": {
                        "__ansible_unsafe": "default"
                    }
                },
                "platform_details": {
                    "__ansible_unsafe": "Linux/UNIX"
                },
                "postfix_from_address": "REPLACE_ME_FROM@example.com",
                "postfix_relay_host": "REPLACE_ME_RELAY_IP",
                "postfix_relay_password": "tototototo",
                "postfix_relay_port": "587",
                "postfix_relay_user": "REPLACE_ME_USER",
                "postgresql_admin_user": "adr_superadmin",
                "postgresql_host": "{{ (groups['database_servers'] | default([]) | length > 0) | ternary(groups['database_servers'] | first, (groups['backend_servers'] | default([]) | length > 0) | ternary(groups['backend_servers'] | first, 'localhost')) }}",
                "postgresql_service_name_linux": "postgresql",
                "postgresql_symlink_path_linux": "/opt/postgresql",
                "postgresql_version": "14",
                "private_dns_name": {
                    "__ansible_unsafe": "ip-172-16-10-211.eu-central-1.compute.internal"
                },
                "private_dns_name_options": {
                    "enable_resource_name_dns_a_record": false,
                    "enable_resource_name_dns_aaaa_record": false,
                    "hostname_type": {
                        "__ansible_unsafe": "ip-name"
                    }
                },
                "private_ip_address": {
                    "__ansible_unsafe": "172.16.10.211"
                },
                "product_codes": [],
                "public_dns_name": {
                    "__ansible_unsafe": ""
                },
                "requester_id": {
                    "__ansible_unsafe": ""
                },
                "reservation_id": {
                    "__ansible_unsafe": "r-0c75f2c037a846eed"
                },
                "root_device_name": {
                    "__ansible_unsafe": "/dev/sda1"
                },
                "root_device_type": {
                    "__ansible_unsafe": "ebs"
                },
                "security_groups": [
                    {
                        "group_id": {
                            "__ansible_unsafe": "sg-0836175700be9f2a2"
                        },
                        "group_name": {
                            "__ansible_unsafe": "hawkbit-ec2-sg"
                        }
                    },
                    {
                        "group_id": {
                            "__ansible_unsafe": "sg-048316369a6a12cc5"
                        },
                        "group_name": {
                            "__ansible_unsafe": "ec2-rds-1"
                        }
                    }
                ],
                "source_dest_check": true,
                "state": {
                    "code": 16,
                    "name": {
                        "__ansible_unsafe": "running"
                    }
                },
                "state_transition_reason": {
                    "__ansible_unsafe": ""
                },
                "subnet_id": {
                    "__ansible_unsafe": "subnet-0210466c5b16bdd17"
                },
                "tags": {
                    "AUTHOR": {
                        "__ansible_unsafe": "MEN"
                    },
                    "Name": {
                        "__ansible_unsafe": "Hawkbit-ACC-NEW"
                    },
                    "PROJECT": {
                        "__ansible_unsafe": "RD-BE-ADR-ACC"
                    },
                    "TEAM": {
                        "__ansible_unsafe": "RD-LIEGE"
                    },
                    "backup": {
                        "__ansible_unsafe": "yes"
                    }
                },
                "usage_operation": {
                    "__ansible_unsafe": "RunInstances"
                },
                "usage_operation_update_time": "2024-09-12T12:26:04+00:00",
                "virtualization_type": {
                    "__ansible_unsafe": "hvm"
                },
                "vpc_id": {
                    "__ansible_unsafe": "vpc-0f41a404a6013f73f"
                }
            },
            "Jenkins": {
                "adr_base_path_linux": "/opt/adr",
                "adr_base_path_windows": "C:\\adr",
                "allowed_network_range": "127.0.0.1/32",
                "ami_launch_index": 0,
                "ansible_become": true,
                "ansible_connection": {
                    "__ansible_unsafe": "ssh"
                },
                "ansible_host": {
                    "__ansible_unsafe": "172.16.20.37"
                },
                "ansible_validate_certs": true,
                "architecture": {
                    "__ansible_unsafe": "x86_64"
                },
                "backend_payara_host": "{{ (groups['backend_servers'] | default([]) | length > 0) | ternary(groups['backend_servers'] | first, 'localhost') }}",
                "block_device_mappings": [
                    {
                        "device_name": {
                            "__ansible_unsafe": "/dev/sda1"
                        },
                        "ebs": {
                            "attach_time": "2022-10-04T06:53:23+00:00",
                            "delete_on_termination": false,
                            "ebs_card_index": 0,
                            "status": {
                                "__ansible_unsafe": "attached"
                            },
                            "volume_id": {
                                "__ansible_unsafe": "vol-07d0dc29a43a693c0"
                            }
                        }
                    }
                ],
                "capacity_reservation_specification": {
                    "capacity_reservation_preference": {
                        "__ansible_unsafe": "open"
                    }
                },
                "client_token": {
                    "__ansible_unsafe": ""
                },
                "cpu_options": {
                    "core_count": 2,
                    "threads_per_core": 2
                },
                "current_instance_boot_mode": {
                    "__ansible_unsafe": "legacy-bios"
                },
                "customer_name": "customer",
                "ebs_optimized": true,
                "ec2_tags": {
                    "AUTHOR": {
                        "__ansible_unsafe": "MEN"
                    },
                    "Name": {
                        "__ansible_unsafe": "Jenkins"
                    },
                    "PROJECT": {
                        "__ansible_unsafe": "SDT-US-ADR-PROD"
                    },
                    "TEAM": {
                        "__ansible_unsafe": "RD-LIEGE"
                    },
                    "backup": {
                        "__ansible_unsafe": "yes"
                    }
                },
                "ena_support": true,
                "enclave_options": {
                    "enabled": false
                },
                "hibernation_options": {
                    "configured": false
                },
                "hypervisor": {
                    "__ansible_unsafe": "xen"
                },
                "image_id": {
                    "__ansible_unsafe": "ami-04505e74c0741db8d"
                },
                "include_release_vars": "vars/releases/4.0.9.yml",
                "instance_id": {
                    "__ansible_unsafe": "i-0fda5a871be2aef6c"
                },
                "instance_type": {
                    "__ansible_unsafe": "t3a.xlarge"
                },
                "key_name": {
                    "__ansible_unsafe": "AmpacimonDev-US"
                },
                "keycloak_host": "{{ (groups['frontend_servers'] | default([]) | length > 0) | ternary(groups['frontend_servers'] | first, 'localhost') }}",
                "keycloak_service_name_linux": "keycloak",
                "keycloak_symlink_path_linux": "/opt/keycloak",
                "keycloak_symlink_path_windows": "C:\\adr\\keycloak",
                "launch_time": "2025-12-10T08:07:29+00:00",
                "maintenance_options": {
                    "auto_recovery": {
                        "__ansible_unsafe": "default"
                    },
                    "reboot_migration": {
                        "__ansible_unsafe": "default"
                    }
                },
                "metadata_options": {
                    "http_endpoint": {
                        "__ansible_unsafe": "enabled"
                    },
                    "http_protocol_ipv6": {
                        "__ansible_unsafe": "disabled"
                    },
                    "http_put_response_hop_limit": 1,
                    "http_tokens": {
                        "__ansible_unsafe": "optional"
                    },
                    "instance_metadata_tags": {
                        "__ansible_unsafe": "disabled"
                    },
                    "state": {
                        "__ansible_unsafe": "applied"
                    }
                },
                "mongodb_bind_ips": "127.0.0.1",
                "mongodb_host": "{{ (groups['database_servers'] | default([]) | length > 0) | ternary(groups['database_servers'] | first, (groups['backend_servers'] | default([]) | length > 0) | ternary(groups['backend_servers'] | first, 'localhost')) }}",
                "mongodb_service_name_linux": "mongod",
                "mongodb_symlink_path_linux": "/opt/mongodb",
                "monitoring": {
                    "state": {
                        "__ansible_unsafe": "disabled"
                    }
                },
                "network_interfaces": [
                    {
                        "attachment": {
                            "attach_time": "2022-04-25T15:18:04+00:00",
                            "attachment_id": {
                                "__ansible_unsafe": "eni-attach-012d670027f00e099"
                            },
                            "delete_on_termination": true,
                            "device_index": 0,
                            "network_card_index": 0,
                            "status": {
                                "__ansible_unsafe": "attached"
                            }
                        },
                        "description": {
                            "__ansible_unsafe": ""
                        },
                        "groups": [
                            {
                                "group_id": {
                                    "__ansible_unsafe": "sg-05077c734e958737d"
                                },
                                "group_name": {
                                    "__ansible_unsafe": "Jenkins"
                                }
                            }
                        ],
                        "interface_type": {
                            "__ansible_unsafe": "interface"
                        },
                        "ipv6_addresses": [],
                        "mac_address": {
                            "__ansible_unsafe": "12:40:8d:30:f6:53"
                        },
                        "network_interface_id": {
                            "__ansible_unsafe": "eni-0760a71a985ba6a2d"
                        },
                        "operator": {
                            "managed": false
                        },
                        "owner_id": {
                            "__ansible_unsafe": "100972518102"
                        },
                        "private_dns_name": {
                            "__ansible_unsafe": "ip-172-16-20-37.ec2.internal"
                        },
                        "private_ip_address": {
                            "__ansible_unsafe": "172.16.20.37"
                        },
                        "private_ip_addresses": [
                            {
                                "primary": true,
                                "private_dns_name": {
                                    "__ansible_unsafe": "ip-172-16-20-37.ec2.internal"
                                },
                                "private_ip_address": {
                                    "__ansible_unsafe": "172.16.20.37"
                                }
                            }
                        ],
                        "source_dest_check": true,
                        "status": {
                            "__ansible_unsafe": "in-use"
                        },
                        "subnet_id": {
                            "__ansible_unsafe": "subnet-04cc578ddfb44974c"
                        },
                        "vpc_id": {
                            "__ansible_unsafe": "vpc-04f57002ad84fe31c"
                        }
                    }
                ],
                "network_performance_options": {
                    "bandwidth_weighting": {
                        "__ansible_unsafe": "default"
                    }
                },
                "nginx_service_name_linux": "nginx",
                "nginx_symlink_path_linux": "/opt/nginx",
                "operator": {
                    "hidden_by_default": false,
                    "managed": false
                },
                "owner_id": {
                    "__ansible_unsafe": "100972518102"
                },
                "payara_symlink_path_linux": "/opt/payara",
                "payara_symlink_path_windows": "C:\\adr\\payara",
                "placement": {
                    "availability_zone": {
                        "__ansible_unsafe": "us-east-1b"
                    },
                    "availability_zone_id": {
                        "__ansible_unsafe": "use1-az2"
                    },
                    "group_name": {
                        "__ansible_unsafe": ""
                    },
                    "region": {
                        "__ansible_unsafe": "us-east-1"
                    },
                    "tenancy": {
                        "__ansible_unsafe": "default"
                    }
                },
                "platform_details": {
                    "__ansible_unsafe": "Linux/UNIX"
                },
                "postfix_from_address": "REPLACE_ME_FROM@example.com",
                "postfix_relay_host": "REPLACE_ME_RELAY_IP",
                "postfix_relay_password": "tototototo",
                "postfix_relay_port": "587",
                "postfix_relay_user": "REPLACE_ME_USER",
                "postgresql_admin_user": "adr_superadmin",
                "postgresql_host": "{{ (groups['database_servers'] | default([]) | length > 0) | ternary(groups['database_servers'] | first, (groups['backend_servers'] | default([]) | length > 0) | ternary(groups['backend_servers'] | first, 'localhost')) }}",
                "postgresql_service_name_linux": "postgresql",
                "postgresql_symlink_path_linux": "/opt/postgresql",
                "postgresql_version": "14",
                "private_dns_name": {
                    "__ansible_unsafe": "ip-172-16-20-37.ec2.internal"
                },
                "private_dns_name_options": {
                    "enable_resource_name_dns_a_record": true,
                    "enable_resource_name_dns_aaaa_record": false,
                    "hostname_type": {
                        "__ansible_unsafe": "ip-name"
                    }
                },
                "private_ip_address": {
                    "__ansible_unsafe": "172.16.20.37"
                },
                "product_codes": [],
                "public_dns_name": {
                    "__ansible_unsafe": ""
                },
                "requester_id": {
                    "__ansible_unsafe": ""
                },
                "reservation_id": {
                    "__ansible_unsafe": "r-0f434b8e936f997bb"
                },
                "root_device_name": {
                    "__ansible_unsafe": "/dev/sda1"
                },
                "root_device_type": {
                    "__ansible_unsafe": "ebs"
                },
                "secondary_interfaces": [],
                "security_groups": [
                    {
                        "group_id": {
                            "__ansible_unsafe": "sg-05077c734e958737d"
                        },
                        "group_name": {
                            "__ansible_unsafe": "Jenkins"
                        }
                    }
                ],
                "source_dest_check": true,
                "state": {
                    "code": 16,
                    "name": {
                        "__ansible_unsafe": "running"
                    }
                },
                "state_transition_reason": {
                    "__ansible_unsafe": ""
                },
                "subnet_id": {
                    "__ansible_unsafe": "subnet-04cc578ddfb44974c"
                },
                "tags": {
                    "AUTHOR": {
                        "__ansible_unsafe": "MEN"
                    },
                    "Name": {
                        "__ansible_unsafe": "Jenkins"
                    },
                    "PROJECT": {
                        "__ansible_unsafe": "SDT-US-ADR-PROD"
                    },
                    "TEAM": {
                        "__ansible_unsafe": "RD-LIEGE"
                    },
                    "backup": {
                        "__ansible_unsafe": "yes"
                    }
                },
                "usage_operation": {
                    "__ansible_unsafe": "RunInstances"
                },
                "usage_operation_update_time": "2022-04-25T15:18:04+00:00",
                "virtualization_type": {
                    "__ansible_unsafe": "hvm"
                },
                "vpc_id": {
                    "__ansible_unsafe": "vpc-04f57002ad84fe31c"
                }
            },
            "JenkinsAgent": {
                "adr_base_path_linux": "/opt/adr",
                "adr_base_path_windows": "C:\\adr",
                "allowed_network_range": "127.0.0.1/32",
                "ami_launch_index": 0,
                "ansible_become": true,
                "ansible_connection": {
                    "__ansible_unsafe": "ssh"
                },
                "ansible_host": {
                    "__ansible_unsafe": "172.16.20.141"
                },
                "ansible_validate_certs": true,
                "architecture": {
                    "__ansible_unsafe": "x86_64"
                },
                "backend_payara_host": "{{ (groups['backend_servers'] | default([]) | length > 0) | ternary(groups['backend_servers'] | first, 'localhost') }}",
                "block_device_mappings": [
                    {
                        "device_name": {
                            "__ansible_unsafe": "/dev/sda1"
                        },
                        "ebs": {
                            "attach_time": "2025-12-19T08:15:47+00:00",
                            "delete_on_termination": true,
                            "ebs_card_index": 0,
                            "status": {
                                "__ansible_unsafe": "attached"
                            },
                            "volume_id": {
                                "__ansible_unsafe": "vol-0c67796cd0d5c35f7"
                            }
                        }
                    }
                ],
                "boot_mode": {
                    "__ansible_unsafe": "uefi-preferred"
                },
                "capacity_reservation_specification": {
                    "capacity_reservation_preference": {
                        "__ansible_unsafe": "open"
                    }
                },
                "client_token": {
                    "__ansible_unsafe": "a2c0c6b5-6768-430f-a9c8-3214b1faf067"
                },
                "cpu_options": {
                    "core_count": 2,
                    "threads_per_core": 2
                },
                "current_instance_boot_mode": {
                    "__ansible_unsafe": "legacy-bios"
                },
                "customer_name": "customer",
                "ebs_optimized": true,
                "ec2_tags": {
                    "AUTHOR": {
                        "__ansible_unsafe": "ADE"
                    },
                    "Name": {
                        "__ansible_unsafe": "JenkinsAgent"
                    },
                    "PROJECT": {
                        "__ansible_unsafe": "SDT-US-ADR-PROD"
                    },
                    "TEAM": {
                        "__ansible_unsafe": "RD-LIEGE"
                    }
                },
                "ena_support": true,
                "enclave_options": {
                    "enabled": false
                },
                "hibernation_options": {
                    "configured": false
                },
                "hypervisor": {
                    "__ansible_unsafe": "xen"
                },
                "image_id": {
                    "__ansible_unsafe": "ami-0ecb62995f68bb549"
                },
                "include_release_vars": "vars/releases/4.0.9.yml",
                "instance_id": {
                    "__ansible_unsafe": "i-0735992c25f7d13cc"
                },
                "instance_type": {
                    "__ansible_unsafe": "c4.xlarge"
                },
                "key_name": {
                    "__ansible_unsafe": "AmpacimonDev-US2025"
                },
                "keycloak_host": "{{ (groups['frontend_servers'] | default([]) | length > 0) | ternary(groups['frontend_servers'] | first, 'localhost') }}",
                "keycloak_service_name_linux": "keycloak",
                "keycloak_symlink_path_linux": "/opt/keycloak",
                "keycloak_symlink_path_windows": "C:\\adr\\keycloak",
                "launch_time": "2025-12-19T08:15:46+00:00",
                "maintenance_options": {
                    "auto_recovery": {
                        "__ansible_unsafe": "default"
                    },
                    "reboot_migration": {
                        "__ansible_unsafe": "default"
                    }
                },
                "metadata_options": {
                    "http_endpoint": {
                        "__ansible_unsafe": "enabled"
                    },
                    "http_protocol_ipv6": {
                        "__ansible_unsafe": "disabled"
                    },
                    "http_put_response_hop_limit": 2,
                    "http_tokens": {
                        "__ansible_unsafe": "required"
                    },
                    "instance_metadata_tags": {
                        "__ansible_unsafe": "disabled"
                    },
                    "state": {
                        "__ansible_unsafe": "applied"
                    }
                },
                "mongodb_bind_ips": "127.0.0.1",
                "mongodb_host": "{{ (groups['database_servers'] | default([]) | length > 0) | ternary(groups['database_servers'] | first, (groups['backend_servers'] | default([]) | length > 0) | ternary(groups['backend_servers'] | first, 'localhost')) }}",
                "mongodb_service_name_linux": "mongod",
                "mongodb_symlink_path_linux": "/opt/mongodb",
                "monitoring": {
                    "state": {
                        "__ansible_unsafe": "disabled"
                    }
                },
                "network_interfaces": [
                    {
                        "attachment": {
                            "attach_time": "2025-12-19T08:15:46+00:00",
                            "attachment_id": {
                                "__ansible_unsafe": "eni-attach-05098a3d4f6de0625"
                            },
                            "delete_on_termination": true,
                            "device_index": 0,
                            "network_card_index": 0,
                            "status": {
                                "__ansible_unsafe": "attached"
                            }
                        },
                        "description": {
                            "__ansible_unsafe": ""
                        },
                        "groups": [
                            {
                                "group_id": {
                                    "__ansible_unsafe": "sg-05077c734e958737d"
                                },
                                "group_name": {
                                    "__ansible_unsafe": "Jenkins"
                                }
                            }
                        ],
                        "interface_type": {
                            "__ansible_unsafe": "interface"
                        },
                        "ipv6_addresses": [],
                        "mac_address": {
                            "__ansible_unsafe": "12:7e:a6:e6:d7:95"
                        },
                        "network_interface_id": {
                            "__ansible_unsafe": "eni-069dd4535d1a181b2"
                        },
                        "operator": {
                            "managed": false
                        },
                        "owner_id": {
                            "__ansible_unsafe": "100972518102"
                        },
                        "private_dns_name": {
                            "__ansible_unsafe": "ip-172-16-20-141.ec2.internal"
                        },
                        "private_ip_address": {
                            "__ansible_unsafe": "172.16.20.141"
                        },
                        "private_ip_addresses": [
                            {
                                "primary": true,
                                "private_dns_name": {
                                    "__ansible_unsafe": "ip-172-16-20-141.ec2.internal"
                                },
                                "private_ip_address": {
                                    "__ansible_unsafe": "172.16.20.141"
                                }
                            }
                        ],
                        "source_dest_check": true,
                        "status": {
                            "__ansible_unsafe": "in-use"
                        },
                        "subnet_id": {
                            "__ansible_unsafe": "subnet-04cc578ddfb44974c"
                        },
                        "vpc_id": {
                            "__ansible_unsafe": "vpc-04f57002ad84fe31c"
                        }
                    }
                ],
                "network_performance_options": {
                    "bandwidth_weighting": {
                        "__ansible_unsafe": "default"
                    }
                },
                "nginx_service_name_linux": "nginx",
                "nginx_symlink_path_linux": "/opt/nginx",
                "operator": {
                    "hidden_by_default": false,
                    "managed": false
                },
                "owner_id": {
                    "__ansible_unsafe": "100972518102"
                },
                "payara_symlink_path_linux": "/opt/payara",
                "payara_symlink_path_windows": "C:\\adr\\payara",
                "placement": {
                    "availability_zone": {
                        "__ansible_unsafe": "us-east-1b"
                    },
                    "availability_zone_id": {
                        "__ansible_unsafe": "use1-az2"
                    },
                    "group_name": {
                        "__ansible_unsafe": ""
                    },
                    "region": {
                        "__ansible_unsafe": "us-east-1"
                    },
                    "tenancy": {
                        "__ansible_unsafe": "default"
                    }
                },
                "platform_details": {
                    "__ansible_unsafe": "Linux/UNIX"
                },
                "postfix_from_address": "REPLACE_ME_FROM@example.com",
                "postfix_relay_host": "REPLACE_ME_RELAY_IP",
                "postfix_relay_password": "tototototo",
                "postfix_relay_port": "587",
                "postfix_relay_user": "REPLACE_ME_USER",
                "postgresql_admin_user": "adr_superadmin",
                "postgresql_host": "{{ (groups['database_servers'] | default([]) | length > 0) | ternary(groups['database_servers'] | first, (groups['backend_servers'] | default([]) | length > 0) | ternary(groups['backend_servers'] | first, 'localhost')) }}",
                "postgresql_service_name_linux": "postgresql",
                "postgresql_symlink_path_linux": "/opt/postgresql",
                "postgresql_version": "14",
                "private_dns_name": {
                    "__ansible_unsafe": "ip-172-16-20-141.ec2.internal"
                },
                "private_dns_name_options": {
                    "enable_resource_name_dns_a_record": false,
                    "enable_resource_name_dns_aaaa_record": false,
                    "hostname_type": {
                        "__ansible_unsafe": "ip-name"
                    }
                },
                "private_ip_address": {
                    "__ansible_unsafe": "172.16.20.141"
                },
                "product_codes": [],
                "public_dns_name": {
                    "__ansible_unsafe": ""
                },
                "requester_id": {
                    "__ansible_unsafe": ""
                },
                "reservation_id": {
                    "__ansible_unsafe": "r-0335fabe9461f824c"
                },
                "root_device_name": {
                    "__ansible_unsafe": "/dev/sda1"
                },
                "root_device_type": {
                    "__ansible_unsafe": "ebs"
                },
                "secondary_interfaces": [],
                "security_groups": [
                    {
                        "group_id": {
                            "__ansible_unsafe": "sg-05077c734e958737d"
                        },
                        "group_name": {
                            "__ansible_unsafe": "Jenkins"
                        }
                    }
                ],
                "source_dest_check": true,
                "state": {
                    "code": 16,
                    "name": {
                        "__ansible_unsafe": "running"
                    }
                },
                "state_transition_reason": {
                    "__ansible_unsafe": ""
                },
                "subnet_id": {
                    "__ansible_unsafe": "subnet-04cc578ddfb44974c"
                },
                "tags": {
                    "AUTHOR": {
                        "__ansible_unsafe": "ADE"
                    },
                    "Name": {
                        "__ansible_unsafe": "JenkinsAgent"
                    },
                    "PROJECT": {
                        "__ansible_unsafe": "SDT-US-ADR-PROD"
                    },
                    "TEAM": {
                        "__ansible_unsafe": "RD-LIEGE"
                    }
                },
                "usage_operation": {
                    "__ansible_unsafe": "RunInstances"
                },
                "usage_operation_update_time": "2025-12-19T08:15:46+00:00",
                "virtualization_type": {
                    "__ansible_unsafe": "hvm"
                },
                "vpc_id": {
                    "__ansible_unsafe": "vpc-04f57002ad84fe31c"
                }
            },
            "MONGODB": {
                "adr_base_path_linux": "/opt/adr",
                "adr_base_path_windows": "C:\\adr",
                "allowed_network_range": "127.0.0.1/32",
                "ami_launch_index": 0,
                "ansible_become": true,
                "ansible_connection": {
                    "__ansible_unsafe": "ssh"
                },
                "ansible_host": {
                    "__ansible_unsafe": "192.168.10.74"
                },
                "ansible_validate_certs": true,
                "architecture": {
                    "__ansible_unsafe": "x86_64"
                },
                "backend_payara_host": "{{ (groups['backend_servers'] | default([]) | length > 0) | ternary(groups['backend_servers'] | first, 'localhost') }}",
                "block_device_mappings": [
                    {
                        "device_name": {
                            "__ansible_unsafe": "/dev/sda1"
                        },
                        "ebs": {
                            "attach_time": "2025-08-27T11:55:45+00:00",
                            "delete_on_termination": false,
                            "ebs_card_index": 0,
                            "status": {
                                "__ansible_unsafe": "attached"
                            },
                            "volume_id": {
                                "__ansible_unsafe": "vol-0bfec068b2af85c3a"
                            }
                        }
                    }
                ],
                "boot_mode": {
                    "__ansible_unsafe": "uefi-preferred"
                },
                "capacity_reservation_specification": {
                    "capacity_reservation_preference": {
                        "__ansible_unsafe": "open"
                    }
                },
                "client_token": {
                    "__ansible_unsafe": "2d9ec266-8b3a-2774-1e7f-7ddeee761663"
                },
                "cpu_options": {
                    "core_count": 1,
                    "threads_per_core": 2
                },
                "current_instance_boot_mode": {
                    "__ansible_unsafe": "uefi"
                },
                "customer_name": "customer",
                "ebs_optimized": false,
                "ec2_tags": {
                    "AUTHOR": {
                        "__ansible_unsafe": "ADE"
                    },
                    "CreatedBy": {
                        "__ansible_unsafe": "CloudFormation template"
                    },
                    "Name": {
                        "__ansible_unsafe": "MONGODB"
                    },
                    "PROJECT": {
                        "__ansible_unsafe": "RD-BE-ADR-DEV"
                    },
                    "TEAM": {
                        "__ansible_unsafe": "RD-LIEGE"
                    },
                    "aws:cloudformation:logical-id": {
                        "__ansible_unsafe": "InstanceMongo"
                    },
                    "aws:cloudformation:stack-id": {
                        "__ansible_unsafe": "arn:aws:cloudformation:eu-central-1:100972518102:stack/ADE-VPC-test/94eb2440-833c-11f0-b94d-0a8e2cd48d93"
                    },
                    "aws:cloudformation:stack-name": {
                        "__ansible_unsafe": "ADE-VPC-test"
                    }
                },
                "ena_support": true,
                "enclave_options": {
                    "enabled": false
                },
                "hibernation_options": {
                    "configured": false
                },
                "hypervisor": {
                    "__ansible_unsafe": "xen"
                },
                "image_id": {
                    "__ansible_unsafe": "ami-02003f9f0fde924ea"
                },
                "include_release_vars": "vars/releases/4.0.9.yml",
                "instance_id": {
                    "__ansible_unsafe": "i-0d5dae67d8af0f77a"
                },
                "instance_type": {
                    "__ansible_unsafe": "t3.medium"
                },
                "key_name": {
                    "__ansible_unsafe": "Ampacimon-2024"
                },
                "keycloak_host": "{{ (groups['frontend_servers'] | default([]) | length > 0) | ternary(groups['frontend_servers'] | first, 'localhost') }}",
                "keycloak_service_name_linux": "keycloak",
                "keycloak_symlink_path_linux": "/opt/keycloak",
                "keycloak_symlink_path_windows": "C:\\adr\\keycloak",
                "launch_time": "2025-10-10T12:50:52+00:00",
                "maintenance_options": {
                    "auto_recovery": {
                        "__ansible_unsafe": "default"
                    },
                    "reboot_migration": {
                        "__ansible_unsafe": "default"
                    }
                },
                "metadata_options": {
                    "http_endpoint": {
                        "__ansible_unsafe": "enabled"
                    },
                    "http_protocol_ipv6": {
                        "__ansible_unsafe": "disabled"
                    },
                    "http_put_response_hop_limit": 2,
                    "http_tokens": {
                        "__ansible_unsafe": "required"
                    },
                    "instance_metadata_tags": {
                        "__ansible_unsafe": "disabled"
                    },
                    "state": {
                        "__ansible_unsafe": "applied"
                    }
                },
                "mongodb_bind_ips": "127.0.0.1",
                "mongodb_host": "{{ (groups['database_servers'] | default([]) | length > 0) | ternary(groups['database_servers'] | first, (groups['backend_servers'] | default([]) | length > 0) | ternary(groups['backend_servers'] | first, 'localhost')) }}",
                "mongodb_service_name_linux": "mongod",
                "mongodb_symlink_path_linux": "/opt/mongodb",
                "monitoring": {
                    "state": {
                        "__ansible_unsafe": "disabled"
                    }
                },
                "network_interfaces": [
                    {
                        "attachment": {
                            "attach_time": "2025-08-27T11:55:44+00:00",
                            "attachment_id": {
                                "__ansible_unsafe": "eni-attach-00888a5fe03dab5f7"
                            },
                            "delete_on_termination": true,
                            "device_index": 0,
                            "network_card_index": 0,
                            "status": {
                                "__ansible_unsafe": "attached"
                            }
                        },
                        "description": {
                            "__ansible_unsafe": "MongoDB Network Interface"
                        },
                        "groups": [
                            {
                                "group_id": {
                                    "__ansible_unsafe": "sg-094320697e576bc63"
                                },
                                "group_name": {
                                    "__ansible_unsafe": "sg_private_tools"
                                }
                            }
                        ],
                        "interface_type": {
                            "__ansible_unsafe": "interface"
                        },
                        "ipv6_addresses": [],
                        "mac_address": {
                            "__ansible_unsafe": "02:41:3d:c0:90:75"
                        },
                        "network_interface_id": {
                            "__ansible_unsafe": "eni-0d60bda60d00316d6"
                        },
                        "operator": {
                            "managed": false
                        },
                        "owner_id": {
                            "__ansible_unsafe": "100972518102"
                        },
                        "private_dns_name": {
                            "__ansible_unsafe": "ip-192-168-10-74.eu-central-1.compute.internal"
                        },
                        "private_ip_address": {
                            "__ansible_unsafe": "192.168.10.74"
                        },
                        "private_ip_addresses": [
                            {
                                "primary": true,
                                "private_dns_name": {
                                    "__ansible_unsafe": "ip-192-168-10-74.eu-central-1.compute.internal"
                                },
                                "private_ip_address": {
                                    "__ansible_unsafe": "192.168.10.74"
                                }
                            }
                        ],
                        "source_dest_check": false,
                        "status": {
                            "__ansible_unsafe": "in-use"
                        },
                        "subnet_id": {
                            "__ansible_unsafe": "subnet-0f618935f43c09dbf"
                        },
                        "vpc_id": {
                            "__ansible_unsafe": "vpc-0e7dc5b696c33a7a5"
                        }
                    }
                ],
                "network_performance_options": {
                    "bandwidth_weighting": {
                        "__ansible_unsafe": "default"
                    }
                },
                "nginx_service_name_linux": "nginx",
                "nginx_symlink_path_linux": "/opt/nginx",
                "operator": {
                    "hidden_by_default": false,
                    "managed": false
                },
                "owner_id": {
                    "__ansible_unsafe": "100972518102"
                },
                "payara_symlink_path_linux": "/opt/payara",
                "payara_symlink_path_windows": "C:\\adr\\payara",
                "placement": {
                    "availability_zone": {
                        "__ansible_unsafe": "eu-central-1a"
                    },
                    "availability_zone_id": {
                        "__ansible_unsafe": "euc1-az2"
                    },
                    "group_name": {
                        "__ansible_unsafe": ""
                    },
                    "region": {
                        "__ansible_unsafe": "eu-central-1"
                    },
                    "tenancy": {
                        "__ansible_unsafe": "default"
                    }
                },
                "platform_details": {
                    "__ansible_unsafe": "Linux/UNIX"
                },
                "postfix_from_address": "REPLACE_ME_FROM@example.com",
                "postfix_relay_host": "REPLACE_ME_RELAY_IP",
                "postfix_relay_password": "tototototo",
                "postfix_relay_port": "587",
                "postfix_relay_user": "REPLACE_ME_USER",
                "postgresql_admin_user": "adr_superadmin",
                "postgresql_host": "{{ (groups['database_servers'] | default([]) | length > 0) | ternary(groups['database_servers'] | first, (groups['backend_servers'] | default([]) | length > 0) | ternary(groups['backend_servers'] | first, 'localhost')) }}",
                "postgresql_service_name_linux": "postgresql",
                "postgresql_symlink_path_linux": "/opt/postgresql",
                "postgresql_version": "14",
                "private_dns_name": {
                    "__ansible_unsafe": "ip-192-168-10-74.eu-central-1.compute.internal"
                },
                "private_dns_name_options": {
                    "enable_resource_name_dns_a_record": false,
                    "enable_resource_name_dns_aaaa_record": false,
                    "hostname_type": {
                        "__ansible_unsafe": "ip-name"
                    }
                },
                "private_ip_address": {
                    "__ansible_unsafe": "192.168.10.74"
                },
                "product_codes": [],
                "public_dns_name": {
                    "__ansible_unsafe": ""
                },
                "requester_id": {
                    "__ansible_unsafe": "119857478548"
                },
                "reservation_id": {
                    "__ansible_unsafe": "r-01c749ba0d2c2c9fe"
                },
                "root_device_name": {
                    "__ansible_unsafe": "/dev/sda1"
                },
                "root_device_type": {
                    "__ansible_unsafe": "ebs"
                },
                "security_groups": [
                    {
                        "group_id": {
                            "__ansible_unsafe": "sg-094320697e576bc63"
                        },
                        "group_name": {
                            "__ansible_unsafe": "sg_private_tools"
                        }
                    }
                ],
                "source_dest_check": false,
                "state": {
                    "code": 16,
                    "name": {
                        "__ansible_unsafe": "running"
                    }
                },
                "state_transition_reason": {
                    "__ansible_unsafe": ""
                },
                "subnet_id": {
                    "__ansible_unsafe": "subnet-0f618935f43c09dbf"
                },
                "tags": {
                    "AUTHOR": {
                        "__ansible_unsafe": "ADE"
                    },
                    "CreatedBy": {
                        "__ansible_unsafe": "CloudFormation template"
                    },
                    "Name": {
                        "__ansible_unsafe": "MONGODB"
                    },
                    "PROJECT": {
                        "__ansible_unsafe": "RD-BE-ADR-DEV"
                    },
                    "TEAM": {
                        "__ansible_unsafe": "RD-LIEGE"
                    },
                    "aws:cloudformation:logical-id": {
                        "__ansible_unsafe": "InstanceMongo"
                    },
                    "aws:cloudformation:stack-id": {
                        "__ansible_unsafe": "arn:aws:cloudformation:eu-central-1:100972518102:stack/ADE-VPC-test/94eb2440-833c-11f0-b94d-0a8e2cd48d93"
                    },
                    "aws:cloudformation:stack-name": {
                        "__ansible_unsafe": "ADE-VPC-test"
                    }
                },
                "usage_operation": {
                    "__ansible_unsafe": "RunInstances"
                },
                "usage_operation_update_time": "2025-08-27T11:55:44+00:00",
                "virtualization_type": {
                    "__ansible_unsafe": "hvm"
                },
                "vpc_id": {
                    "__ansible_unsafe": "vpc-0e7dc5b696c33a7a5"
                }
            },
            "MONGODB-8-SDT": {
                "adr_base_path_linux": "/opt/adr",
                "adr_base_path_windows": "C:\\adr",
                "allowed_network_range": "127.0.0.1/32",
                "ami_launch_index": 0,
                "ansible_become": true,
                "ansible_connection": {
                    "__ansible_unsafe": "ssh"
                },
                "ansible_host": {
                    "__ansible_unsafe": "172.16.10.9"
                },
                "ansible_validate_certs": true,
                "architecture": {
                    "__ansible_unsafe": "x86_64"
                },
                "backend_payara_host": "{{ (groups['backend_servers'] | default([]) | length > 0) | ternary(groups['backend_servers'] | first, 'localhost') }}",
                "block_device_mappings": [
                    {
                        "device_name": {
                            "__ansible_unsafe": "/dev/sda1"
                        },
                        "ebs": {
                            "attach_time": "2026-01-12T14:01:52+00:00",
                            "delete_on_termination": true,
                            "ebs_card_index": 0,
                            "status": {
                                "__ansible_unsafe": "attached"
                            },
                            "volume_id": {
                                "__ansible_unsafe": "vol-0d72950c8129e977a"
                            }
                        }
                    }
                ],
                "boot_mode": {
                    "__ansible_unsafe": "uefi-preferred"
                },
                "capacity_reservation_specification": {
                    "capacity_reservation_preference": {
                        "__ansible_unsafe": "open"
                    }
                },
                "client_token": {
                    "__ansible_unsafe": "d419c6b5-d940-41da-8708-b096ef2ff991"
                },
                "cpu_options": {
                    "core_count": 1,
                    "threads_per_core": 2
                },
                "current_instance_boot_mode": {
                    "__ansible_unsafe": "uefi"
                },
                "customer_name": "customer",
                "ebs_optimized": true,
                "ec2_tags": {
                    "AUTHOR": {
                        "__ansible_unsafe": "MFU"
                    },
                    "Name": {
                        "__ansible_unsafe": "MONGODB-8-SDT"
                    },
                    "PROJECT": {
                        "__ansible_unsafe": "SDT-BE-ADR-DEV"
                    },
                    "TEAM": {
                        "__ansible_unsafe": "SDT"
                    }
                },
                "ena_support": true,
                "enclave_options": {
                    "enabled": false
                },
                "hibernation_options": {
                    "configured": false
                },
                "hypervisor": {
                    "__ansible_unsafe": "xen"
                },
                "image_id": {
                    "__ansible_unsafe": "ami-004e960cde33f9146"
                },
                "include_release_vars": "vars/releases/4.0.9.yml",
                "instance_id": {
                    "__ansible_unsafe": "i-0430eaa631e2bba7f"
                },
                "instance_type": {
                    "__ansible_unsafe": "t3a.large"
                },
                "key_name": {
                    "__ansible_unsafe": "mongo8-keypair"
                },
                "keycloak_host": "{{ (groups['frontend_servers'] | default([]) | length > 0) | ternary(groups['frontend_servers'] | first, 'localhost') }}",
                "keycloak_service_name_linux": "keycloak",
                "keycloak_symlink_path_linux": "/opt/keycloak",
                "keycloak_symlink_path_windows": "C:\\adr\\keycloak",
                "launch_time": "2026-01-12T14:01:51+00:00",
                "maintenance_options": {
                    "auto_recovery": {
                        "__ansible_unsafe": "default"
                    },
                    "reboot_migration": {
                        "__ansible_unsafe": "default"
                    }
                },
                "metadata_options": {
                    "http_endpoint": {
                        "__ansible_unsafe": "enabled"
                    },
                    "http_protocol_ipv6": {
                        "__ansible_unsafe": "disabled"
                    },
                    "http_put_response_hop_limit": 2,
                    "http_tokens": {
                        "__ansible_unsafe": "required"
                    },
                    "instance_metadata_tags": {
                        "__ansible_unsafe": "disabled"
                    },
                    "state": {
                        "__ansible_unsafe": "applied"
                    }
                },
                "mongodb_bind_ips": "127.0.0.1",
                "mongodb_host": "{{ (groups['database_servers'] | default([]) | length > 0) | ternary(groups['database_servers'] | first, (groups['backend_servers'] | default([]) | length > 0) | ternary(groups['backend_servers'] | first, 'localhost')) }}",
                "mongodb_service_name_linux": "mongod",
                "mongodb_symlink_path_linux": "/opt/mongodb",
                "monitoring": {
                    "state": {
                        "__ansible_unsafe": "disabled"
                    }
                },
                "network_interfaces": [
                    {
                        "attachment": {
                            "attach_time": "2026-01-12T14:01:51+00:00",
                            "attachment_id": {
                                "__ansible_unsafe": "eni-attach-02d57e1df061f35fb"
                            },
                            "delete_on_termination": true,
                            "device_index": 0,
                            "network_card_index": 0,
                            "status": {
                                "__ansible_unsafe": "attached"
                            }
                        },
                        "description": {
                            "__ansible_unsafe": ""
                        },
                        "groups": [
                            {
                                "group_id": {
                                    "__ansible_unsafe": "sg-00a1cb4107dbfcb35"
                                },
                                "group_name": {
                                    "__ansible_unsafe": "sg_private_tools_test"
                                }
                            }
                        ],
                        "interface_type": {
                            "__ansible_unsafe": "interface"
                        },
                        "ipv6_addresses": [],
                        "mac_address": {
                            "__ansible_unsafe": "02:ba:48:e0:98:c9"
                        },
                        "network_interface_id": {
                            "__ansible_unsafe": "eni-0ef6c86aa0cd68854"
                        },
                        "operator": {
                            "managed": false
                        },
                        "owner_id": {
                            "__ansible_unsafe": "100972518102"
                        },
                        "private_dns_name": {
                            "__ansible_unsafe": "ip-172-16-10-9.eu-central-1.compute.internal"
                        },
                        "private_ip_address": {
                            "__ansible_unsafe": "172.16.10.9"
                        },
                        "private_ip_addresses": [
                            {
                                "primary": true,
                                "private_dns_name": {
                                    "__ansible_unsafe": "ip-172-16-10-9.eu-central-1.compute.internal"
                                },
                                "private_ip_address": {
                                    "__ansible_unsafe": "172.16.10.9"
                                }
                            }
                        ],
                        "source_dest_check": true,
                        "status": {
                            "__ansible_unsafe": "in-use"
                        },
                        "subnet_id": {
                            "__ansible_unsafe": "subnet-0210466c5b16bdd17"
                        },
                        "vpc_id": {
                            "__ansible_unsafe": "vpc-0f41a404a6013f73f"
                        }
                    }
                ],
                "network_performance_options": {
                    "bandwidth_weighting": {
                        "__ansible_unsafe": "default"
                    }
                },
                "nginx_service_name_linux": "nginx",
                "nginx_symlink_path_linux": "/opt/nginx",
                "operator": {
                    "hidden_by_default": false,
                    "managed": false
                },
                "owner_id": {
                    "__ansible_unsafe": "100972518102"
                },
                "payara_symlink_path_linux": "/opt/payara",
                "payara_symlink_path_windows": "C:\\adr\\payara",
                "placement": {
                    "availability_zone": {
                        "__ansible_unsafe": "eu-central-1a"
                    },
                    "availability_zone_id": {
                        "__ansible_unsafe": "euc1-az2"
                    },
                    "group_name": {
                        "__ansible_unsafe": ""
                    },
                    "region": {
                        "__ansible_unsafe": "eu-central-1"
                    },
                    "tenancy": {
                        "__ansible_unsafe": "default"
                    }
                },
                "platform_details": {
                    "__ansible_unsafe": "Linux/UNIX"
                },
                "postfix_from_address": "REPLACE_ME_FROM@example.com",
                "postfix_relay_host": "REPLACE_ME_RELAY_IP",
                "postfix_relay_password": "tototototo",
                "postfix_relay_port": "587",
                "postfix_relay_user": "REPLACE_ME_USER",
                "postgresql_admin_user": "adr_superadmin",
                "postgresql_host": "{{ (groups['database_servers'] | default([]) | length > 0) | ternary(groups['database_servers'] | first, (groups['backend_servers'] | default([]) | length > 0) | ternary(groups['backend_servers'] | first, 'localhost')) }}",
                "postgresql_service_name_linux": "postgresql",
                "postgresql_symlink_path_linux": "/opt/postgresql",
                "postgresql_version": "14",
                "private_dns_name": {
                    "__ansible_unsafe": "ip-172-16-10-9.eu-central-1.compute.internal"
                },
                "private_dns_name_options": {
                    "enable_resource_name_dns_a_record": false,
                    "enable_resource_name_dns_aaaa_record": false,
                    "hostname_type": {
                        "__ansible_unsafe": "ip-name"
                    }
                },
                "private_ip_address": {
                    "__ansible_unsafe": "172.16.10.9"
                },
                "product_codes": [],
                "public_dns_name": {
                    "__ansible_unsafe": ""
                },
                "requester_id": {
                    "__ansible_unsafe": ""
                },
                "reservation_id": {
                    "__ansible_unsafe": "r-0a7f70f4864828b80"
                },
                "root_device_name": {
                    "__ansible_unsafe": "/dev/sda1"
                },
                "root_device_type": {
                    "__ansible_unsafe": "ebs"
                },
                "security_groups": [
                    {
                        "group_id": {
                            "__ansible_unsafe": "sg-00a1cb4107dbfcb35"
                        },
                        "group_name": {
                            "__ansible_unsafe": "sg_private_tools_test"
                        }
                    }
                ],
                "source_dest_check": true,
                "state": {
                    "code": 16,
                    "name": {
                        "__ansible_unsafe": "running"
                    }
                },
                "state_transition_reason": {
                    "__ansible_unsafe": ""
                },
                "subnet_id": {
                    "__ansible_unsafe": "subnet-0210466c5b16bdd17"
                },
                "tags": {
                    "AUTHOR": {
                        "__ansible_unsafe": "MFU"
                    },
                    "Name": {
                        "__ansible_unsafe": "MONGODB-8-SDT"
                    },
                    "PROJECT": {
                        "__ansible_unsafe": "SDT-BE-ADR-DEV"
                    },
                    "TEAM": {
                        "__ansible_unsafe": "SDT"
                    }
                },
                "usage_operation": {
                    "__ansible_unsafe": "RunInstances"
                },
                "usage_operation_update_time": "2026-01-12T14:01:51+00:00",
                "virtualization_type": {
                    "__ansible_unsafe": "hvm"
                },
                "vpc_id": {
                    "__ansible_unsafe": "vpc-0f41a404a6013f73f"
                }
            },
            "NAT-SDT": {
                "adr_base_path_linux": "/opt/adr",
                "adr_base_path_windows": "C:\\adr",
                "allowed_network_range": "127.0.0.1/32",
                "ami_launch_index": 0,
                "ansible_become": true,
                "ansible_connection": {
                    "__ansible_unsafe": "ssh"
                },
                "ansible_host": {
                    "__ansible_unsafe": "172.16.13.55"
                },
                "ansible_validate_certs": true,
                "architecture": {
                    "__ansible_unsafe": "x86_64"
                },
                "backend_payara_host": "{{ (groups['backend_servers'] | default([]) | length > 0) | ternary(groups['backend_servers'] | first, 'localhost') }}",
                "block_device_mappings": [
                    {
                        "device_name": {
                            "__ansible_unsafe": "/dev/sda1"
                        },
                        "ebs": {
                            "attach_time": "2023-08-09T13:09:04+00:00",
                            "delete_on_termination": true,
                            "ebs_card_index": 0,
                            "status": {
                                "__ansible_unsafe": "attached"
                            },
                            "volume_id": {
                                "__ansible_unsafe": "vol-0e9ecdc45fcc1d92c"
                            }
                        }
                    }
                ],
                "capacity_reservation_specification": {
                    "capacity_reservation_preference": {
                        "__ansible_unsafe": "open"
                    }
                },
                "client_token": {
                    "__ansible_unsafe": "05305659-0bb8-4a96-9035-ce8e749804d9"
                },
                "cpu_options": {
                    "core_count": 1,
                    "threads_per_core": 2
                },
                "current_instance_boot_mode": {
                    "__ansible_unsafe": "legacy-bios"
                },
                "customer_name": "customer",
                "ebs_optimized": true,
                "ec2_tags": {
                    "AUTHOR": {
                        "__ansible_unsafe": "MFU"
                    },
                    "Name": {
                        "__ansible_unsafe": "NAT-SDT"
                    },
                    "PROJECT": {
                        "__ansible_unsafe": "SDT-BE-ADR-DEV"
                    },
                    "TEAM": {
                        "__ansible_unsafe": "Project-Team"
                    }
                },
                "ena_support": true,
                "enclave_options": {
                    "enabled": false
                },
                "hibernation_options": {
                    "configured": false
                },
                "hypervisor": {
                    "__ansible_unsafe": "xen"
                },
                "image_id": {
                    "__ansible_unsafe": "ami-0242b6a1b2a6d463a"
                },
                "include_release_vars": "vars/releases/4.0.9.yml",
                "instance_id": {
                    "__ansible_unsafe": "i-04d7b34e58cce9aff"
                },
                "instance_type": {
                    "__ansible_unsafe": "t3.medium"
                },
                "key_name": {
                    "__ansible_unsafe": "prodshared-test"
                },
                "keycloak_host": "{{ (groups['frontend_servers'] | default([]) | length > 0) | ternary(groups['frontend_servers'] | first, 'localhost') }}",
                "keycloak_service_name_linux": "keycloak",
                "keycloak_symlink_path_linux": "/opt/keycloak",
                "keycloak_symlink_path_windows": "C:\\adr\\keycloak",
                "launch_time": "2025-12-12T09:08:24+00:00",
                "maintenance_options": {
                    "auto_recovery": {
                        "__ansible_unsafe": "default"
                    },
                    "reboot_migration": {
                        "__ansible_unsafe": "default"
                    }
                },
                "metadata_options": {
                    "http_endpoint": {
                        "__ansible_unsafe": "enabled"
                    },
                    "http_protocol_ipv6": {
                        "__ansible_unsafe": "disabled"
                    },
                    "http_put_response_hop_limit": 1,
                    "http_tokens": {
                        "__ansible_unsafe": "optional"
                    },
                    "instance_metadata_tags": {
                        "__ansible_unsafe": "disabled"
                    },
                    "state": {
                        "__ansible_unsafe": "applied"
                    }
                },
                "mongodb_bind_ips": "127.0.0.1",
                "mongodb_host": "{{ (groups['database_servers'] | default([]) | length > 0) | ternary(groups['database_servers'] | first, (groups['backend_servers'] | default([]) | length > 0) | ternary(groups['backend_servers'] | first, 'localhost')) }}",
                "mongodb_service_name_linux": "mongod",
                "mongodb_symlink_path_linux": "/opt/mongodb",
                "monitoring": {
                    "state": {
                        "__ansible_unsafe": "disabled"
                    }
                },
                "network_interfaces": [
                    {
                        "association": {
                            "ip_owner_id": {
                                "__ansible_unsafe": "amazon"
                            },
                            "public_dns_name": {
                                "__ansible_unsafe": "ec2-18-159-52-83.eu-central-1.compute.amazonaws.com"
                            },
                            "public_ip": {
                                "__ansible_unsafe": "18.159.52.83"
                            }
                        },
                        "attachment": {
                            "attach_time": "2023-08-09T13:09:03+00:00",
                            "attachment_id": {
                                "__ansible_unsafe": "eni-attach-099c6fc37801be7c3"
                            },
                            "delete_on_termination": true,
                            "device_index": 0,
                            "network_card_index": 0,
                            "status": {
                                "__ansible_unsafe": "attached"
                            }
                        },
                        "description": {
                            "__ansible_unsafe": ""
                        },
                        "groups": [
                            {
                                "group_id": {
                                    "__ansible_unsafe": "sg-0e89a76f948e23185"
                                },
                                "group_name": {
                                    "__ansible_unsafe": "sg_public_prod_test"
                                }
                            }
                        ],
                        "interface_type": {
                            "__ansible_unsafe": "interface"
                        },
                        "ipv6_addresses": [],
                        "mac_address": {
                            "__ansible_unsafe": "02:a7:58:f4:89:d6"
                        },
                        "network_interface_id": {
                            "__ansible_unsafe": "eni-0c2c6f20af876b522"
                        },
                        "operator": {
                            "managed": false
                        },
                        "owner_id": {
                            "__ansible_unsafe": "100972518102"
                        },
                        "private_dns_name": {
                            "__ansible_unsafe": "ip-172-16-13-55.eu-central-1.compute.internal"
                        },
                        "private_ip_address": {
                            "__ansible_unsafe": "172.16.13.55"
                        },
                        "private_ip_addresses": [
                            {
                                "association": {
                                    "ip_owner_id": {
                                        "__ansible_unsafe": "amazon"
                                    },
                                    "public_dns_name": {
                                        "__ansible_unsafe": "ec2-18-159-52-83.eu-central-1.compute.amazonaws.com"
                                    },
                                    "public_ip": {
                                        "__ansible_unsafe": "18.159.52.83"
                                    }
                                },
                                "primary": true,
                                "private_dns_name": {
                                    "__ansible_unsafe": "ip-172-16-13-55.eu-central-1.compute.internal"
                                },
                                "private_ip_address": {
                                    "__ansible_unsafe": "172.16.13.55"
                                }
                            }
                        ],
                        "source_dest_check": true,
                        "status": {
                            "__ansible_unsafe": "in-use"
                        },
                        "subnet_id": {
                            "__ansible_unsafe": "subnet-0c25252cfc432481f"
                        },
                        "vpc_id": {
                            "__ansible_unsafe": "vpc-0f41a404a6013f73f"
                        }
                    }
                ],
                "network_performance_options": {
                    "bandwidth_weighting": {
                        "__ansible_unsafe": "default"
                    }
                },
                "nginx_service_name_linux": "nginx",
                "nginx_symlink_path_linux": "/opt/nginx",
                "operator": {
                    "hidden_by_default": false,
                    "managed": false
                },
                "owner_id": {
                    "__ansible_unsafe": "100972518102"
                },
                "payara_symlink_path_linux": "/opt/payara",
                "payara_symlink_path_windows": "C:\\adr\\payara",
                "placement": {
                    "availability_zone": {
                        "__ansible_unsafe": "eu-central-1a"
                    },
                    "availability_zone_id": {
                        "__ansible_unsafe": "euc1-az2"
                    },
                    "group_name": {
                        "__ansible_unsafe": ""
                    },
                    "region": {
                        "__ansible_unsafe": "eu-central-1"
                    },
                    "tenancy": {
                        "__ansible_unsafe": "default"
                    }
                },
                "platform_details": {
                    "__ansible_unsafe": "Linux/UNIX"
                },
                "postfix_from_address": "REPLACE_ME_FROM@example.com",
                "postfix_relay_host": "REPLACE_ME_RELAY_IP",
                "postfix_relay_password": "tototototo",
                "postfix_relay_port": "587",
                "postfix_relay_user": "REPLACE_ME_USER",
                "postgresql_admin_user": "adr_superadmin",
                "postgresql_host": "{{ (groups['database_servers'] | default([]) | length > 0) | ternary(groups['database_servers'] | first, (groups['backend_servers'] | default([]) | length > 0) | ternary(groups['backend_servers'] | first, 'localhost')) }}",
                "postgresql_service_name_linux": "postgresql",
                "postgresql_symlink_path_linux": "/opt/postgresql",
                "postgresql_version": "14",
                "private_dns_name": {
                    "__ansible_unsafe": "ip-172-16-13-55.eu-central-1.compute.internal"
                },
                "private_dns_name_options": {
                    "enable_resource_name_dns_a_record": false,
                    "enable_resource_name_dns_aaaa_record": false,
                    "hostname_type": {
                        "__ansible_unsafe": "ip-name"
                    }
                },
                "private_ip_address": {
                    "__ansible_unsafe": "172.16.13.55"
                },
                "product_codes": [
                    {
                        "product_code_id": {
                            "__ansible_unsafe": "3iplms73etrdhxdepv72l6ywj"
                        },
                        "product_code_type": {
                            "__ansible_unsafe": "marketplace"
                        }
                    }
                ],
                "public_dns_name": {
                    "__ansible_unsafe": "ec2-18-159-52-83.eu-central-1.compute.amazonaws.com"
                },
                "public_ip_address": {
                    "__ansible_unsafe": "18.159.52.83"
                },
                "requester_id": {
                    "__ansible_unsafe": ""
                },
                "reservation_id": {
                    "__ansible_unsafe": "r-00f0157de9b3ba2ce"
                },
                "root_device_name": {
                    "__ansible_unsafe": "/dev/sda1"
                },
                "root_device_type": {
                    "__ansible_unsafe": "ebs"
                },
                "security_groups": [
                    {
                        "group_id": {
                            "__ansible_unsafe": "sg-0e89a76f948e23185"
                        },
                        "group_name": {
                            "__ansible_unsafe": "sg_public_prod_test"
                        }
                    }
                ],
                "source_dest_check": true,
                "state": {
                    "code": 16,
                    "name": {
                        "__ansible_unsafe": "running"
                    }
                },
                "state_transition_reason": {
                    "__ansible_unsafe": ""
                },
                "subnet_id": {
                    "__ansible_unsafe": "subnet-0c25252cfc432481f"
                },
                "tags": {
                    "AUTHOR": {
                        "__ansible_unsafe": "MFU"
                    },
                    "Name": {
                        "__ansible_unsafe": "NAT-SDT"
                    },
                    "PROJECT": {
                        "__ansible_unsafe": "SDT-BE-ADR-DEV"
                    },
                    "TEAM": {
                        "__ansible_unsafe": "Project-Team"
                    }
                },
                "usage_operation": {
                    "__ansible_unsafe": "RunInstances"
                },
                "usage_operation_update_time": "2023-08-09T13:09:03+00:00",
                "virtualization_type": {
                    "__ansible_unsafe": "hvm"
                },
                "vpc_id": {
                    "__ansible_unsafe": "vpc-0f41a404a6013f73f"
                }
            },
            "PDEye - BBox": {
                "adr_base_path_linux": "/opt/adr",
                "adr_base_path_windows": "C:\\adr",
                "allowed_network_range": "127.0.0.1/32",
                "ami_launch_index": 0,
                "ansible_become": true,
                "ansible_connection": {
                    "__ansible_unsafe": "ssh"
                },
                "ansible_host": {
                    "__ansible_unsafe": "172.16.10.162"
                },
                "ansible_validate_certs": true,
                "architecture": {
                    "__ansible_unsafe": "x86_64"
                },
                "backend_payara_host": "{{ (groups['backend_servers'] | default([]) | length > 0) | ternary(groups['backend_servers'] | first, 'localhost') }}",
                "block_device_mappings": [
                    {
                        "device_name": {
                            "__ansible_unsafe": "/dev/xvda"
                        },
                        "ebs": {
                            "attach_time": "2021-07-28T16:41:56+00:00",
                            "delete_on_termination": true,
                            "ebs_card_index": 0,
                            "status": {
                                "__ansible_unsafe": "attached"
                            },
                            "volume_id": {
                                "__ansible_unsafe": "vol-069a163689613603b"
                            }
                        }
                    }
                ],
                "capacity_reservation_specification": {
                    "capacity_reservation_preference": {
                        "__ansible_unsafe": "open"
                    }
                },
                "client_token": {
                    "__ansible_unsafe": ""
                },
                "cpu_options": {
                    "core_count": 2,
                    "threads_per_core": 1
                },
                "current_instance_boot_mode": {
                    "__ansible_unsafe": "legacy-bios"
                },
                "customer_name": "customer",
                "ebs_optimized": false,
                "ec2_tags": {
                    "AUTHOR": {
                        "__ansible_unsafe": "MEN"
                    },
                    "Name": {
                        "__ansible_unsafe": "PDEye - BBox"
                    },
                    "PROJECT": {
                        "__ansible_unsafe": "RD-SP-PD-EYE-DEV"
                    },
                    "TEAM": {
                        "__ansible_unsafe": "RD-Madrid"
                    },
                    "backup": {
                        "__ansible_unsafe": "yes"
                    }
                },
                "ena_support": true,
                "enclave_options": {
                    "enabled": false
                },
                "hibernation_options": {
                    "configured": false
                },
                "hypervisor": {
                    "__ansible_unsafe": "xen"
                },
                "iam_instance_profile": {
                    "arn": {
                        "__ansible_unsafe": "arn:aws:iam::100972518102:instance-profile/S3AccessForEC2"
                    },
                    "id": {
                        "__ansible_unsafe": "AIPARPATOLLLEZBNVNDRK"
                    }
                },
                "image_id": {
                    "__ansible_unsafe": "ami-0453cb7b5f2b7fca2"
                },
                "include_release_vars": "vars/releases/4.0.9.yml",
                "instance_id": {
                    "__ansible_unsafe": "i-0f5e7630f96495e20"
                },
                "instance_type": {
                    "__ansible_unsafe": "t2.medium"
                },
                "key_name": {
                    "__ansible_unsafe": "cle-aws-1"
                },
                "keycloak_host": "{{ (groups['frontend_servers'] | default([]) | length > 0) | ternary(groups['frontend_servers'] | first, 'localhost') }}",
                "keycloak_service_name_linux": "keycloak",
                "keycloak_symlink_path_linux": "/opt/keycloak",
                "keycloak_symlink_path_windows": "C:\\adr\\keycloak",
                "launch_time": "2022-06-24T09:31:06+00:00",
                "maintenance_options": {
                    "auto_recovery": {
                        "__ansible_unsafe": "default"
                    },
                    "reboot_migration": {
                        "__ansible_unsafe": "default"
                    }
                },
                "metadata_options": {
                    "http_endpoint": {
                        "__ansible_unsafe": "enabled"
                    },
                    "http_protocol_ipv6": {
                        "__ansible_unsafe": "disabled"
                    },
                    "http_put_response_hop_limit": 1,
                    "http_tokens": {
                        "__ansible_unsafe": "optional"
                    },
                    "instance_metadata_tags": {
                        "__ansible_unsafe": "disabled"
                    },
                    "state": {
                        "__ansible_unsafe": "applied"
                    }
                },
                "mongodb_bind_ips": "127.0.0.1",
                "mongodb_host": "{{ (groups['database_servers'] | default([]) | length > 0) | ternary(groups['database_servers'] | first, (groups['backend_servers'] | default([]) | length > 0) | ternary(groups['backend_servers'] | first, 'localhost')) }}",
                "mongodb_service_name_linux": "mongod",
                "mongodb_symlink_path_linux": "/opt/mongodb",
                "monitoring": {
                    "state": {
                        "__ansible_unsafe": "disabled"
                    }
                },
                "network_interfaces": [
                    {
                        "attachment": {
                            "attach_time": "2021-07-28T16:41:56+00:00",
                            "attachment_id": {
                                "__ansible_unsafe": "eni-attach-013d0ceefa6500cf7"
                            },
                            "delete_on_termination": true,
                            "device_index": 0,
                            "network_card_index": 0,
                            "status": {
                                "__ansible_unsafe": "attached"
                            }
                        },
                        "description": {
                            "__ansible_unsafe": "Primary network interface"
                        },
                        "groups": [
                            {
                                "group_id": {
                                    "__ansible_unsafe": "sg-04f987193f4624c1a"
                                },
                                "group_name": {
                                    "__ansible_unsafe": "Diael-REE Platform Server"
                                }
                            }
                        ],
                        "interface_type": {
                            "__ansible_unsafe": "interface"
                        },
                        "ipv6_addresses": [],
                        "mac_address": {
                            "__ansible_unsafe": "02:23:dd:fd:5e:96"
                        },
                        "network_interface_id": {
                            "__ansible_unsafe": "eni-0380b5b1f2a7b6176"
                        },
                        "operator": {
                            "managed": false
                        },
                        "owner_id": {
                            "__ansible_unsafe": "100972518102"
                        },
                        "private_dns_name": {
                            "__ansible_unsafe": "ip-172-16-10-162.eu-central-1.compute.internal"
                        },
                        "private_ip_address": {
                            "__ansible_unsafe": "172.16.10.162"
                        },
                        "private_ip_addresses": [
                            {
                                "primary": true,
                                "private_dns_name": {
                                    "__ansible_unsafe": "ip-172-16-10-162.eu-central-1.compute.internal"
                                },
                                "private_ip_address": {
                                    "__ansible_unsafe": "172.16.10.162"
                                }
                            }
                        ],
                        "source_dest_check": true,
                        "status": {
                            "__ansible_unsafe": "in-use"
                        },
                        "subnet_id": {
                            "__ansible_unsafe": "subnet-0210466c5b16bdd17"
                        },
                        "vpc_id": {
                            "__ansible_unsafe": "vpc-0f41a404a6013f73f"
                        }
                    }
                ],
                "network_performance_options": {
                    "bandwidth_weighting": {
                        "__ansible_unsafe": "default"
                    }
                },
                "nginx_service_name_linux": "nginx",
                "nginx_symlink_path_linux": "/opt/nginx",
                "operator": {
                    "hidden_by_default": false,
                    "managed": false
                },
                "owner_id": {
                    "__ansible_unsafe": "100972518102"
                },
                "payara_symlink_path_linux": "/opt/payara",
                "payara_symlink_path_windows": "C:\\adr\\payara",
                "placement": {
                    "availability_zone": {
                        "__ansible_unsafe": "eu-central-1a"
                    },
                    "availability_zone_id": {
                        "__ansible_unsafe": "euc1-az2"
                    },
                    "group_name": {
                        "__ansible_unsafe": ""
                    },
                    "region": {
                        "__ansible_unsafe": "eu-central-1"
                    },
                    "tenancy": {
                        "__ansible_unsafe": "default"
                    }
                },
                "platform_details": {
                    "__ansible_unsafe": "Linux/UNIX"
                },
                "postfix_from_address": "REPLACE_ME_FROM@example.com",
                "postfix_relay_host": "REPLACE_ME_RELAY_IP",
                "postfix_relay_password": "tototototo",
                "postfix_relay_port": "587",
                "postfix_relay_user": "REPLACE_ME_USER",
                "postgresql_admin_user": "adr_superadmin",
                "postgresql_host": "{{ (groups['database_servers'] | default([]) | length > 0) | ternary(groups['database_servers'] | first, (groups['backend_servers'] | default([]) | length > 0) | ternary(groups['backend_servers'] | first, 'localhost')) }}",
                "postgresql_service_name_linux": "postgresql",
                "postgresql_symlink_path_linux": "/opt/postgresql",
                "postgresql_version": "14",
                "private_dns_name": {
                    "__ansible_unsafe": "ip-172-16-10-162.eu-central-1.compute.internal"
                },
                "private_dns_name_options": {},
                "private_ip_address": {
                    "__ansible_unsafe": "172.16.10.162"
                },
                "product_codes": [],
                "public_dns_name": {
                    "__ansible_unsafe": ""
                },
                "requester_id": {
                    "__ansible_unsafe": ""
                },
                "reservation_id": {
                    "__ansible_unsafe": "r-0b287b49ee2847858"
                },
                "root_device_name": {
                    "__ansible_unsafe": "/dev/xvda"
                },
                "root_device_type": {
                    "__ansible_unsafe": "ebs"
                },
                "security_groups": [
                    {
                        "group_id": {
                            "__ansible_unsafe": "sg-04f987193f4624c1a"
                        },
                        "group_name": {
                            "__ansible_unsafe": "Diael-REE Platform Server"
                        }
                    }
                ],
                "source_dest_check": true,
                "state": {
                    "code": 16,
                    "name": {
                        "__ansible_unsafe": "running"
                    }
                },
                "state_transition_reason": {
                    "__ansible_unsafe": ""
                },
                "subnet_id": {
                    "__ansible_unsafe": "subnet-0210466c5b16bdd17"
                },
                "tags": {
                    "AUTHOR": {
                        "__ansible_unsafe": "MEN"
                    },
                    "Name": {
                        "__ansible_unsafe": "PDEye - BBox"
                    },
                    "PROJECT": {
                        "__ansible_unsafe": "RD-SP-PD-EYE-DEV"
                    },
                    "TEAM": {
                        "__ansible_unsafe": "RD-Madrid"
                    },
                    "backup": {
                        "__ansible_unsafe": "yes"
                    }
                },
                "usage_operation": {
                    "__ansible_unsafe": "RunInstances"
                },
                "usage_operation_update_time": "2021-07-28T16:41:56+00:00",
                "virtualization_type": {
                    "__ansible_unsafe": "hvm"
                },
                "vpc_id": {
                    "__ansible_unsafe": "vpc-0f41a404a6013f73f"
                }
            },
            "ProjectTeamBastion": {
                "adr_base_path_linux": "/opt/adr",
                "adr_base_path_windows": "C:\\adr",
                "allowed_network_range": "127.0.0.1/32",
                "ami_launch_index": 0,
                "ansible_become": false,
                "ansible_connection": {
                    "__ansible_unsafe": "winrm"
                },
                "ansible_host": {
                    "__ansible_unsafe": "172.16.13.114"
                },
                "ansible_validate_certs": true,
                "ansible_winrm_server_cert_validation": {
                    "__ansible_unsafe": "ignore"
                },
                "architecture": {
                    "__ansible_unsafe": "x86_64"
                },
                "backend_payara_host": "{{ (groups['backend_servers'] | default([]) | length > 0) | ternary(groups['backend_servers'] | first, 'localhost') }}",
                "block_device_mappings": [
                    {
                        "device_name": {
                            "__ansible_unsafe": "/dev/sda1"
                        },
                        "ebs": {
                            "attach_time": "2024-05-17T14:23:44+00:00",
                            "delete_on_termination": false,
                            "ebs_card_index": 0,
                            "status": {
                                "__ansible_unsafe": "attached"
                            },
                            "volume_id": {
                                "__ansible_unsafe": "vol-084763668f4eda9be"
                            }
                        }
                    }
                ],
                "capacity_reservation_specification": {
                    "capacity_reservation_preference": {
                        "__ansible_unsafe": "open"
                    }
                },
                "client_token": {
                    "__ansible_unsafe": ""
                },
                "cpu_options": {
                    "core_count": 4,
                    "threads_per_core": 2
                },
                "current_instance_boot_mode": {
                    "__ansible_unsafe": "legacy-bios"
                },
                "customer_name": "customer",
                "ebs_optimized": true,
                "ec2_tags": {
                    "AUTHOR": {
                        "__ansible_unsafe": "MEN"
                    },
                    "Name": {
                        "__ansible_unsafe": "ProjectTeamBastion"
                    },
                    "PROJECT": {
                        "__ansible_unsafe": "SDT-US-ADR-PROD"
                    },
                    "TEAM": {
                        "__ansible_unsafe": "RD-Liege"
                    },
                    "backup": {
                        "__ansible_unsafe": "yes"
                    }
                },
                "ena_support": true,
                "enclave_options": {
                    "enabled": false
                },
                "hibernation_options": {
                    "configured": false
                },
                "hypervisor": {
                    "__ansible_unsafe": "xen"
                },
                "image_id": {
                    "__ansible_unsafe": "ami-041306c411c38a789"
                },
                "include_release_vars": "vars/releases/4.0.9.yml",
                "instance_id": {
                    "__ansible_unsafe": "i-08ef8591ddbc71809"
                },
                "instance_type": {
                    "__ansible_unsafe": "t3a.2xlarge"
                },
                "key_name": {
                    "__ansible_unsafe": "AmpacimonDev-US"
                },
                "keycloak_host": "{{ (groups['frontend_servers'] | default([]) | length > 0) | ternary(groups['frontend_servers'] | first, 'localhost') }}",
                "keycloak_service_name_linux": "keycloak",
                "keycloak_symlink_path_linux": "/opt/keycloak",
                "keycloak_symlink_path_windows": "C:\\adr\\keycloak",
                "launch_time": "2025-12-10T08:10:34+00:00",
                "maintenance_options": {
                    "auto_recovery": {
                        "__ansible_unsafe": "default"
                    },
                    "reboot_migration": {
                        "__ansible_unsafe": "default"
                    }
                },
                "metadata_options": {
                    "http_endpoint": {
                        "__ansible_unsafe": "enabled"
                    },
                    "http_protocol_ipv6": {
                        "__ansible_unsafe": "disabled"
                    },
                    "http_put_response_hop_limit": 1,
                    "http_tokens": {
                        "__ansible_unsafe": "optional"
                    },
                    "instance_metadata_tags": {
                        "__ansible_unsafe": "disabled"
                    },
                    "state": {
                        "__ansible_unsafe": "applied"
                    }
                },
                "mongodb_bind_ips": "127.0.0.1",
                "mongodb_host": "{{ (groups['database_servers'] | default([]) | length > 0) | ternary(groups['database_servers'] | first, (groups['backend_servers'] | default([]) | length > 0) | ternary(groups['backend_servers'] | first, 'localhost')) }}",
                "mongodb_service_name_linux": "mongod",
                "mongodb_symlink_path_linux": "/opt/mongodb",
                "monitoring": {
                    "state": {
                        "__ansible_unsafe": "disabled"
                    }
                },
                "network_interfaces": [
                    {
                        "association": {
                            "ip_owner_id": {
                                "__ansible_unsafe": "100972518102"
                            },
                            "public_dns_name": {
                                "__ansible_unsafe": "ec2-52-73-134-146.compute-1.amazonaws.com"
                            },
                            "public_ip": {
                                "__ansible_unsafe": "52.73.134.146"
                            }
                        },
                        "attachment": {
                            "attach_time": "2022-07-13T13:29:07+00:00",
                            "attachment_id": {
                                "__ansible_unsafe": "eni-attach-00f1e7ee86181993f"
                            },
                            "delete_on_termination": true,
                            "device_index": 0,
                            "network_card_index": 0,
                            "status": {
                                "__ansible_unsafe": "attached"
                            }
                        },
                        "description": {
                            "__ansible_unsafe": ""
                        },
                        "groups": [
                            {
                                "group_id": {
                                    "__ansible_unsafe": "sg-01fb5aeafdb92913b"
                                },
                                "group_name": {
                                    "__ansible_unsafe": "Bastion/Tunnel"
                                }
                            }
                        ],
                        "interface_type": {
                            "__ansible_unsafe": "interface"
                        },
                        "ipv6_addresses": [],
                        "mac_address": {
                            "__ansible_unsafe": "02:d8:26:f6:34:7d"
                        },
                        "network_interface_id": {
                            "__ansible_unsafe": "eni-0bef392fcd768b8f9"
                        },
                        "operator": {
                            "managed": false
                        },
                        "owner_id": {
                            "__ansible_unsafe": "100972518102"
                        },
                        "private_dns_name": {
                            "__ansible_unsafe": "ip-172-16-13-114.ec2.internal"
                        },
                        "private_ip_address": {
                            "__ansible_unsafe": "172.16.13.114"
                        },
                        "private_ip_addresses": [
                            {
                                "association": {
                                    "ip_owner_id": {
                                        "__ansible_unsafe": "100972518102"
                                    },
                                    "public_dns_name": {
                                        "__ansible_unsafe": "ec2-52-73-134-146.compute-1.amazonaws.com"
                                    },
                                    "public_ip": {
                                        "__ansible_unsafe": "52.73.134.146"
                                    }
                                },
                                "primary": true,
                                "private_dns_name": {
                                    "__ansible_unsafe": "ip-172-16-13-114.ec2.internal"
                                },
                                "private_ip_address": {
                                    "__ansible_unsafe": "172.16.13.114"
                                }
                            }
                        ],
                        "source_dest_check": true,
                        "status": {
                            "__ansible_unsafe": "in-use"
                        },
                        "subnet_id": {
                            "__ansible_unsafe": "subnet-01499e5d75d79865c"
                        },
                        "vpc_id": {
                            "__ansible_unsafe": "vpc-04f57002ad84fe31c"
                        }
                    }
                ],
                "network_performance_options": {
                    "bandwidth_weighting": {
                        "__ansible_unsafe": "default"
                    }
                },
                "nginx_service_name_linux": "nginx",
                "nginx_symlink_path_linux": "/opt/nginx",
                "operator": {
                    "hidden_by_default": false,
                    "managed": false
                },
                "owner_id": {
                    "__ansible_unsafe": "100972518102"
                },
                "payara_symlink_path_linux": "/opt/payara",
                "payara_symlink_path_windows": "C:\\adr\\payara",
                "placement": {
                    "availability_zone": {
                        "__ansible_unsafe": "us-east-1a"
                    },
                    "availability_zone_id": {
                        "__ansible_unsafe": "use1-az1"
                    },
                    "group_name": {
                        "__ansible_unsafe": ""
                    },
                    "region": {
                        "__ansible_unsafe": "us-east-1"
                    },
                    "tenancy": {
                        "__ansible_unsafe": "default"
                    }
                },
                "platform": {
                    "__ansible_unsafe": "windows"
                },
                "platform_details": {
                    "__ansible_unsafe": "Windows"
                },
                "postfix_from_address": "REPLACE_ME_FROM@example.com",
                "postfix_relay_host": "REPLACE_ME_RELAY_IP",
                "postfix_relay_password": "tototototo",
                "postfix_relay_port": "587",
                "postfix_relay_user": "REPLACE_ME_USER",
                "postgresql_admin_user": "adr_superadmin",
                "postgresql_host": "{{ (groups['database_servers'] | default([]) | length > 0) | ternary(groups['database_servers'] | first, (groups['backend_servers'] | default([]) | length > 0) | ternary(groups['backend_servers'] | first, 'localhost')) }}",
                "postgresql_service_name_linux": "postgresql",
                "postgresql_symlink_path_linux": "/opt/postgresql",
                "postgresql_version": "14",
                "private_dns_name": {
                    "__ansible_unsafe": "ip-172-16-13-114.ec2.internal"
                },
                "private_dns_name_options": {
                    "enable_resource_name_dns_a_record": true,
                    "enable_resource_name_dns_aaaa_record": false,
                    "hostname_type": {
                        "__ansible_unsafe": "ip-name"
                    }
                },
                "private_ip_address": {
                    "__ansible_unsafe": "172.16.13.114"
                },
                "product_codes": [],
                "public_dns_name": {
                    "__ansible_unsafe": "ec2-52-73-134-146.compute-1.amazonaws.com"
                },
                "public_ip_address": {
                    "__ansible_unsafe": "52.73.134.146"
                },
                "requester_id": {
                    "__ansible_unsafe": ""
                },
                "reservation_id": {
                    "__ansible_unsafe": "r-01790c85158935d20"
                },
                "root_device_name": {
                    "__ansible_unsafe": "/dev/sda1"
                },
                "root_device_type": {
                    "__ansible_unsafe": "ebs"
                },
                "secondary_interfaces": [],
                "security_groups": [
                    {
                        "group_id": {
                            "__ansible_unsafe": "sg-01fb5aeafdb92913b"
                        },
                        "group_name": {
                            "__ansible_unsafe": "Bastion/Tunnel"
                        }
                    }
                ],
                "source_dest_check": true,
                "state": {
                    "code": 16,
                    "name": {
                        "__ansible_unsafe": "running"
                    }
                },
                "state_transition_reason": {
                    "__ansible_unsafe": ""
                },
                "subnet_id": {
                    "__ansible_unsafe": "subnet-01499e5d75d79865c"
                },
                "tags": {
                    "AUTHOR": {
                        "__ansible_unsafe": "MEN"
                    },
                    "Name": {
                        "__ansible_unsafe": "ProjectTeamBastion"
                    },
                    "PROJECT": {
                        "__ansible_unsafe": "SDT-US-ADR-PROD"
                    },
                    "TEAM": {
                        "__ansible_unsafe": "RD-Liege"
                    },
                    "backup": {
                        "__ansible_unsafe": "yes"
                    }
                },
                "usage_operation": {
                    "__ansible_unsafe": "RunInstances:0002"
                },
                "usage_operation_update_time": "2022-07-13T13:29:07+00:00",
                "virtualization_type": {
                    "__ansible_unsafe": "hvm"
                },
                "vpc_id": {
                    "__ansible_unsafe": "vpc-04f57002ad84fe31c"
                }
            },
            "SDT-BE-ADR-DEV-euc1-linux-instance-1": {
                "adr_base_path_linux": "/opt/adr",
                "adr_base_path_windows": "C:\\adr",
                "allowed_network_range": "127.0.0.1/32",
                "ami_launch_index": 0,
                "ansible_become": true,
                "ansible_connection": {
                    "__ansible_unsafe": "ssh"
                },
                "ansible_host": {
                    "__ansible_unsafe": "172.20.100.99"
                },
                "ansible_validate_certs": true,
                "architecture": {
                    "__ansible_unsafe": "x86_64"
                },
                "backend_payara_host": "{{ (groups['backend_servers'] | default([]) | length > 0) | ternary(groups['backend_servers'] | first, 'localhost') }}",
                "block_device_mappings": [
                    {
                        "device_name": {
                            "__ansible_unsafe": "/dev/sda1"
                        },
                        "ebs": {
                            "attach_time": "2026-07-23T09:42:56+00:00",
                            "delete_on_termination": true,
                            "ebs_card_index": 0,
                            "status": {
                                "__ansible_unsafe": "attached"
                            },
                            "volume_id": {
                                "__ansible_unsafe": "vol-071bd5f00d97b99eb"
                            }
                        }
                    }
                ],
                "boot_mode": {
                    "__ansible_unsafe": "uefi-preferred"
                },
                "capacity_reservation_specification": {
                    "capacity_reservation_preference": {
                        "__ansible_unsafe": "open"
                    }
                },
                "client_token": {
                    "__ansible_unsafe": "terraform-2026072309413747020000000b"
                },
                "cpu_options": {
                    "core_count": 1,
                    "threads_per_core": 2
                },
                "current_instance_boot_mode": {
                    "__ansible_unsafe": "uefi"
                },
                "customer_name": "customer",
                "ebs_optimized": true,
                "ec2_tags": {
                    "Author": {
                        "__ansible_unsafe": "JLA"
                    },
                    "Environment": {
                        "__ansible_unsafe": "dev"
                    },
                    "ManagedBy": {
                        "__ansible_unsafe": "Terraform"
                    },
                    "Name": {
                        "__ansible_unsafe": "SDT-BE-ADR-DEV-euc1-linux-instance-1"
                    },
                    "PROJECT": {
                        "__ansible_unsafe": "SDT-BE-ADR-DEV"
                    },
                    "Region": {
                        "__ansible_unsafe": "euc1"
                    },
                    "Team": {
                        "__ansible_unsafe": "SDT"
                    }
                },
                "ena_support": true,
                "enclave_options": {
                    "enabled": false
                },
                "hibernation_options": {
                    "configured": false
                },
                "hypervisor": {
                    "__ansible_unsafe": "xen"
                },
                "iam_instance_profile": {
                    "arn": {
                        "__ansible_unsafe": "arn:aws:iam::100972518102:instance-profile/AmazonSSMDirectoryServiceInstanceProfileRole"
                    },
                    "id": {
                        "__ansible_unsafe": "AIPARPATOLLLEUDT5UYEZ"
                    }
                },
                "image_id": {
                    "__ansible_unsafe": "ami-02725e6ec795c60bb"
                },
                "include_release_vars": "vars/releases/4.0.9.yml",
                "instance_id": {
                    "__ansible_unsafe": "i-06456b4c62651be93"
                },
                "instance_type": {
                    "__ansible_unsafe": "t3.small"
                },
                "key_name": {
                    "__ansible_unsafe": "apcm-iac-deploy"
                },
                "keycloak_host": "{{ (groups['frontend_servers'] | default([]) | length > 0) | ternary(groups['frontend_servers'] | first, 'localhost') }}",
                "keycloak_service_name_linux": "keycloak",
                "keycloak_symlink_path_linux": "/opt/keycloak",
                "keycloak_symlink_path_windows": "C:\\adr\\keycloak",
                "launch_time": "2026-07-28T08:43:02+00:00",
                "maintenance_options": {
                    "auto_recovery": {
                        "__ansible_unsafe": "default"
                    },
                    "reboot_migration": {
                        "__ansible_unsafe": "default"
                    }
                },
                "metadata_options": {
                    "http_endpoint": {
                        "__ansible_unsafe": "enabled"
                    },
                    "http_protocol_ipv6": {
                        "__ansible_unsafe": "disabled"
                    },
                    "http_put_response_hop_limit": 1,
                    "http_tokens": {
                        "__ansible_unsafe": "required"
                    },
                    "instance_metadata_tags": {
                        "__ansible_unsafe": "disabled"
                    },
                    "state": {
                        "__ansible_unsafe": "applied"
                    }
                },
                "mongodb_bind_ips": "127.0.0.1",
                "mongodb_host": "{{ (groups['database_servers'] | default([]) | length > 0) | ternary(groups['database_servers'] | first, (groups['backend_servers'] | default([]) | length > 0) | ternary(groups['backend_servers'] | first, 'localhost')) }}",
                "mongodb_service_name_linux": "mongod",
                "mongodb_symlink_path_linux": "/opt/mongodb",
                "monitoring": {
                    "state": {
                        "__ansible_unsafe": "disabled"
                    }
                },
                "network_interfaces": [
                    {
                        "attachment": {
                            "attach_time": "2026-07-23T09:42:56+00:00",
                            "attachment_id": {
                                "__ansible_unsafe": "eni-attach-078ee73b5b26d296b"
                            },
                            "delete_on_termination": false,
                            "device_index": 0,
                            "network_card_index": 0,
                            "status": {
                                "__ansible_unsafe": "attached"
                            }
                        },
                        "description": {
                            "__ansible_unsafe": ""
                        },
                        "groups": [
                            {
                                "group_id": {
                                    "__ansible_unsafe": "sg-01ad1cea8f7684030"
                                },
                                "group_name": {
                                    "__ansible_unsafe": "SDT-BE-ADR-DEV-euc1-instances-sg-20260723093942703800000004"
                                }
                            }
                        ],
                        "interface_type": {
                            "__ansible_unsafe": "interface"
                        },
                        "ipv6_addresses": [],
                        "mac_address": {
                            "__ansible_unsafe": "02:70:72:5c:94:0d"
                        },
                        "network_interface_id": {
                            "__ansible_unsafe": "eni-0496e0cfa368d0c0f"
                        },
                        "operator": {
                            "managed": false
                        },
                        "owner_id": {
                            "__ansible_unsafe": "100972518102"
                        },
                        "private_dns_name": {
                            "__ansible_unsafe": "ip-172-20-100-99.eu-central-1.compute.internal"
                        },
                        "private_ip_address": {
                            "__ansible_unsafe": "172.20.100.99"
                        },
                        "private_ip_addresses": [
                            {
                                "primary": true,
                                "private_dns_name": {
                                    "__ansible_unsafe": "ip-172-20-100-99.eu-central-1.compute.internal"
                                },
                                "private_ip_address": {
                                    "__ansible_unsafe": "172.20.100.99"
                                }
                            }
                        ],
                        "source_dest_check": true,
                        "status": {
                            "__ansible_unsafe": "in-use"
                        },
                        "subnet_id": {
                            "__ansible_unsafe": "subnet-087cd853a49826960"
                        },
                        "vpc_id": {
                            "__ansible_unsafe": "vpc-05aa4214c761ab3dc"
                        }
                    }
                ],
                "network_performance_options": {
                    "bandwidth_weighting": {
                        "__ansible_unsafe": "default"
                    }
                },
                "nginx_service_name_linux": "nginx",
                "nginx_symlink_path_linux": "/opt/nginx",
                "operator": {
                    "hidden_by_default": false,
                    "managed": false
                },
                "owner_id": {
                    "__ansible_unsafe": "100972518102"
                },
                "payara_symlink_path_linux": "/opt/payara",
                "payara_symlink_path_windows": "C:\\adr\\payara",
                "placement": {
                    "availability_zone": {
                        "__ansible_unsafe": "eu-central-1a"
                    },
                    "availability_zone_id": {
                        "__ansible_unsafe": "euc1-az2"
                    },
                    "group_name": {
                        "__ansible_unsafe": ""
                    },
                    "region": {
                        "__ansible_unsafe": "eu-central-1"
                    },
                    "tenancy": {
                        "__ansible_unsafe": "default"
                    }
                },
                "platform_details": {
                    "__ansible_unsafe": "Linux/UNIX"
                },
                "postfix_from_address": "REPLACE_ME_FROM@example.com",
                "postfix_relay_host": "REPLACE_ME_RELAY_IP",
                "postfix_relay_password": "tototototo",
                "postfix_relay_port": "587",
                "postfix_relay_user": "REPLACE_ME_USER",
                "postgresql_admin_user": "adr_superadmin",
                "postgresql_host": "{{ (groups['database_servers'] | default([]) | length > 0) | ternary(groups['database_servers'] | first, (groups['backend_servers'] | default([]) | length > 0) | ternary(groups['backend_servers'] | first, 'localhost')) }}",
                "postgresql_service_name_linux": "postgresql",
                "postgresql_symlink_path_linux": "/opt/postgresql",
                "postgresql_version": "14",
                "private_dns_name": {
                    "__ansible_unsafe": "ip-172-20-100-99.eu-central-1.compute.internal"
                },
                "private_dns_name_options": {
                    "enable_resource_name_dns_a_record": false,
                    "enable_resource_name_dns_aaaa_record": false,
                    "hostname_type": {
                        "__ansible_unsafe": "ip-name"
                    }
                },
                "private_ip_address": {
                    "__ansible_unsafe": "172.20.100.99"
                },
                "product_codes": [],
                "public_dns_name": {
                    "__ansible_unsafe": ""
                },
                "requester_id": {
                    "__ansible_unsafe": ""
                },
                "reservation_id": {
                    "__ansible_unsafe": "r-0d14fa0bd2e514056"
                },
                "root_device_name": {
                    "__ansible_unsafe": "/dev/sda1"
                },
                "root_device_type": {
                    "__ansible_unsafe": "ebs"
                },
                "security_groups": [
                    {
                        "group_id": {
                            "__ansible_unsafe": "sg-01ad1cea8f7684030"
                        },
                        "group_name": {
                            "__ansible_unsafe": "SDT-BE-ADR-DEV-euc1-instances-sg-20260723093942703800000004"
                        }
                    }
                ],
                "source_dest_check": true,
                "state": {
                    "code": 16,
                    "name": {
                        "__ansible_unsafe": "running"
                    }
                },
                "state_transition_reason": {
                    "__ansible_unsafe": ""
                },
                "subnet_id": {
                    "__ansible_unsafe": "subnet-087cd853a49826960"
                },
                "tags": {
                    "Author": {
                        "__ansible_unsafe": "JLA"
                    },
                    "Environment": {
                        "__ansible_unsafe": "dev"
                    },
                    "ManagedBy": {
                        "__ansible_unsafe": "Terraform"
                    },
                    "Name": {
                        "__ansible_unsafe": "SDT-BE-ADR-DEV-euc1-linux-instance-1"
                    },
                    "PROJECT": {
                        "__ansible_unsafe": "SDT-BE-ADR-DEV"
                    },
                    "Region": {
                        "__ansible_unsafe": "euc1"
                    },
                    "Team": {
                        "__ansible_unsafe": "SDT"
                    }
                },
                "usage_operation": {
                    "__ansible_unsafe": "RunInstances"
                },
                "usage_operation_update_time": "2026-07-23T09:42:56+00:00",
                "virtualization_type": {
                    "__ansible_unsafe": "hvm"
                },
                "vpc_id": {
                    "__ansible_unsafe": "vpc-05aa4214c761ab3dc"
                }
            },
            "SDT-BE-ADR-DEV-euc1-linux-instance-2": {
                "adr_base_path_linux": "/opt/adr",
                "adr_base_path_windows": "C:\\adr",
                "allowed_network_range": "127.0.0.1/32",
                "ami_launch_index": 0,
                "ansible_become": true,
                "ansible_connection": {
                    "__ansible_unsafe": "ssh"
                },
                "ansible_host": {
                    "__ansible_unsafe": "172.20.100.145"
                },
                "ansible_validate_certs": true,
                "architecture": {
                    "__ansible_unsafe": "x86_64"
                },
                "backend_payara_host": "{{ (groups['backend_servers'] | default([]) | length > 0) | ternary(groups['backend_servers'] | first, 'localhost') }}",
                "block_device_mappings": [
                    {
                        "device_name": {
                            "__ansible_unsafe": "/dev/sda1"
                        },
                        "ebs": {
                            "attach_time": "2026-07-23T09:42:57+00:00",
                            "delete_on_termination": true,
                            "ebs_card_index": 0,
                            "status": {
                                "__ansible_unsafe": "attached"
                            },
                            "volume_id": {
                                "__ansible_unsafe": "vol-0b8391f861949145a"
                            }
                        }
                    }
                ],
                "boot_mode": {
                    "__ansible_unsafe": "uefi-preferred"
                },
                "capacity_reservation_specification": {
                    "capacity_reservation_preference": {
                        "__ansible_unsafe": "open"
                    }
                },
                "client_token": {
                    "__ansible_unsafe": "terraform-2026072309413747250000000c"
                },
                "cpu_options": {
                    "core_count": 1,
                    "threads_per_core": 2
                },
                "current_instance_boot_mode": {
                    "__ansible_unsafe": "uefi"
                },
                "customer_name": "customer",
                "ebs_optimized": true,
                "ec2_tags": {
                    "Author": {
                        "__ansible_unsafe": "JLA"
                    },
                    "Environment": {
                        "__ansible_unsafe": "dev"
                    },
                    "ManagedBy": {
                        "__ansible_unsafe": "Terraform"
                    },
                    "Name": {
                        "__ansible_unsafe": "SDT-BE-ADR-DEV-euc1-linux-instance-2"
                    },
                    "PROJECT": {
                        "__ansible_unsafe": "SDT-BE-ADR-DEV"
                    },
                    "Region": {
                        "__ansible_unsafe": "euc1"
                    },
                    "Team": {
                        "__ansible_unsafe": "SDT"
                    }
                },
                "ena_support": true,
                "enclave_options": {
                    "enabled": false
                },
                "hibernation_options": {
                    "configured": false
                },
                "hypervisor": {
                    "__ansible_unsafe": "xen"
                },
                "iam_instance_profile": {
                    "arn": {
                        "__ansible_unsafe": "arn:aws:iam::100972518102:instance-profile/AmazonSSMDirectoryServiceInstanceProfileRole"
                    },
                    "id": {
                        "__ansible_unsafe": "AIPARPATOLLLEUDT5UYEZ"
                    }
                },
                "image_id": {
                    "__ansible_unsafe": "ami-02725e6ec795c60bb"
                },
                "include_release_vars": "vars/releases/4.0.9.yml",
                "instance_id": {
                    "__ansible_unsafe": "i-0b653e78fbae3af8a"
                },
                "instance_type": {
                    "__ansible_unsafe": "t3.small"
                },
                "key_name": {
                    "__ansible_unsafe": "apcm-iac-deploy"
                },
                "keycloak_host": "{{ (groups['frontend_servers'] | default([]) | length > 0) | ternary(groups['frontend_servers'] | first, 'localhost') }}",
                "keycloak_service_name_linux": "keycloak",
                "keycloak_symlink_path_linux": "/opt/keycloak",
                "keycloak_symlink_path_windows": "C:\\adr\\keycloak",
                "launch_time": "2026-07-28T08:43:32+00:00",
                "maintenance_options": {
                    "auto_recovery": {
                        "__ansible_unsafe": "default"
                    },
                    "reboot_migration": {
                        "__ansible_unsafe": "default"
                    }
                },
                "metadata_options": {
                    "http_endpoint": {
                        "__ansible_unsafe": "enabled"
                    },
                    "http_protocol_ipv6": {
                        "__ansible_unsafe": "disabled"
                    },
                    "http_put_response_hop_limit": 1,
                    "http_tokens": {
                        "__ansible_unsafe": "required"
                    },
                    "instance_metadata_tags": {
                        "__ansible_unsafe": "disabled"
                    },
                    "state": {
                        "__ansible_unsafe": "applied"
                    }
                },
                "mongodb_bind_ips": "127.0.0.1",
                "mongodb_host": "{{ (groups['database_servers'] | default([]) | length > 0) | ternary(groups['database_servers'] | first, (groups['backend_servers'] | default([]) | length > 0) | ternary(groups['backend_servers'] | first, 'localhost')) }}",
                "mongodb_service_name_linux": "mongod",
                "mongodb_symlink_path_linux": "/opt/mongodb",
                "monitoring": {
                    "state": {
                        "__ansible_unsafe": "disabled"
                    }
                },
                "network_interfaces": [
                    {
                        "attachment": {
                            "attach_time": "2026-07-23T09:42:56+00:00",
                            "attachment_id": {
                                "__ansible_unsafe": "eni-attach-04f8433213f7b434f"
                            },
                            "delete_on_termination": false,
                            "device_index": 0,
                            "network_card_index": 0,
                            "status": {
                                "__ansible_unsafe": "attached"
                            }
                        },
                        "description": {
                            "__ansible_unsafe": ""
                        },
                        "groups": [
                            {
                                "group_id": {
                                    "__ansible_unsafe": "sg-01ad1cea8f7684030"
                                },
                                "group_name": {
                                    "__ansible_unsafe": "SDT-BE-ADR-DEV-euc1-instances-sg-20260723093942703800000004"
                                }
                            }
                        ],
                        "interface_type": {
                            "__ansible_unsafe": "interface"
                        },
                        "ipv6_addresses": [],
                        "mac_address": {
                            "__ansible_unsafe": "02:7c:f4:7a:d1:57"
                        },
                        "network_interface_id": {
                            "__ansible_unsafe": "eni-0b82ddd1a4b5c3a59"
                        },
                        "operator": {
                            "managed": false
                        },
                        "owner_id": {
                            "__ansible_unsafe": "100972518102"
                        },
                        "private_dns_name": {
                            "__ansible_unsafe": "ip-172-20-100-145.eu-central-1.compute.internal"
                        },
                        "private_ip_address": {
                            "__ansible_unsafe": "172.20.100.145"
                        },
                        "private_ip_addresses": [
                            {
                                "primary": true,
                                "private_dns_name": {
                                    "__ansible_unsafe": "ip-172-20-100-145.eu-central-1.compute.internal"
                                },
                                "private_ip_address": {
                                    "__ansible_unsafe": "172.20.100.145"
                                }
                            }
                        ],
                        "source_dest_check": true,
                        "status": {
                            "__ansible_unsafe": "in-use"
                        },
                        "subnet_id": {
                            "__ansible_unsafe": "subnet-087cd853a49826960"
                        },
                        "vpc_id": {
                            "__ansible_unsafe": "vpc-05aa4214c761ab3dc"
                        }
                    }
                ],
                "network_performance_options": {
                    "bandwidth_weighting": {
                        "__ansible_unsafe": "default"
                    }
                },
                "nginx_service_name_linux": "nginx",
                "nginx_symlink_path_linux": "/opt/nginx",
                "operator": {
                    "hidden_by_default": false,
                    "managed": false
                },
                "owner_id": {
                    "__ansible_unsafe": "100972518102"
                },
                "payara_symlink_path_linux": "/opt/payara",
                "payara_symlink_path_windows": "C:\\adr\\payara",
                "placement": {
                    "availability_zone": {
                        "__ansible_unsafe": "eu-central-1a"
                    },
                    "availability_zone_id": {
                        "__ansible_unsafe": "euc1-az2"
                    },
                    "group_name": {
                        "__ansible_unsafe": ""
                    },
                    "region": {
                        "__ansible_unsafe": "eu-central-1"
                    },
                    "tenancy": {
                        "__ansible_unsafe": "default"
                    }
                },
                "platform_details": {
                    "__ansible_unsafe": "Linux/UNIX"
                },
                "postfix_from_address": "REPLACE_ME_FROM@example.com",
                "postfix_relay_host": "REPLACE_ME_RELAY_IP",
                "postfix_relay_password": "tototototo",
                "postfix_relay_port": "587",
                "postfix_relay_user": "REPLACE_ME_USER",
                "postgresql_admin_user": "adr_superadmin",
                "postgresql_host": "{{ (groups['database_servers'] | default([]) | length > 0) | ternary(groups['database_servers'] | first, (groups['backend_servers'] | default([]) | length > 0) | ternary(groups['backend_servers'] | first, 'localhost')) }}",
                "postgresql_service_name_linux": "postgresql",
                "postgresql_symlink_path_linux": "/opt/postgresql",
                "postgresql_version": "14",
                "private_dns_name": {
                    "__ansible_unsafe": "ip-172-20-100-145.eu-central-1.compute.internal"
                },
                "private_dns_name_options": {
                    "enable_resource_name_dns_a_record": false,
                    "enable_resource_name_dns_aaaa_record": false,
                    "hostname_type": {
                        "__ansible_unsafe": "ip-name"
                    }
                },
                "private_ip_address": {
                    "__ansible_unsafe": "172.20.100.145"
                },
                "product_codes": [],
                "public_dns_name": {
                    "__ansible_unsafe": ""
                },
                "requester_id": {
                    "__ansible_unsafe": ""
                },
                "reservation_id": {
                    "__ansible_unsafe": "r-0450beb6372b867ae"
                },
                "root_device_name": {
                    "__ansible_unsafe": "/dev/sda1"
                },
                "root_device_type": {
                    "__ansible_unsafe": "ebs"
                },
                "security_groups": [
                    {
                        "group_id": {
                            "__ansible_unsafe": "sg-01ad1cea8f7684030"
                        },
                        "group_name": {
                            "__ansible_unsafe": "SDT-BE-ADR-DEV-euc1-instances-sg-20260723093942703800000004"
                        }
                    }
                ],
                "source_dest_check": true,
                "state": {
                    "code": 16,
                    "name": {
                        "__ansible_unsafe": "running"
                    }
                },
                "state_transition_reason": {
                    "__ansible_unsafe": ""
                },
                "subnet_id": {
                    "__ansible_unsafe": "subnet-087cd853a49826960"
                },
                "tags": {
                    "Author": {
                        "__ansible_unsafe": "JLA"
                    },
                    "Environment": {
                        "__ansible_unsafe": "dev"
                    },
                    "ManagedBy": {
                        "__ansible_unsafe": "Terraform"
                    },
                    "Name": {
                        "__ansible_unsafe": "SDT-BE-ADR-DEV-euc1-linux-instance-2"
                    },
                    "PROJECT": {
                        "__ansible_unsafe": "SDT-BE-ADR-DEV"
                    },
                    "Region": {
                        "__ansible_unsafe": "euc1"
                    },
                    "Team": {
                        "__ansible_unsafe": "SDT"
                    }
                },
                "usage_operation": {
                    "__ansible_unsafe": "RunInstances"
                },
                "usage_operation_update_time": "2026-07-23T09:42:56+00:00",
                "virtualization_type": {
                    "__ansible_unsafe": "hvm"
                },
                "vpc_id": {
                    "__ansible_unsafe": "vpc-05aa4214c761ab3dc"
                }
            },
            "Shared-BE": {
                "adr_base_path_linux": "/opt/adr",
                "adr_base_path_windows": "C:\\adr",
                "allowed_network_range": "127.0.0.1/32",
                "ami_launch_index": 0,
                "ansible_become": true,
                "ansible_connection": {
                    "__ansible_unsafe": "ssh"
                },
                "ansible_host": {
                    "__ansible_unsafe": "192.168.14.106"
                },
                "ansible_validate_certs": true,
                "architecture": {
                    "__ansible_unsafe": "x86_64"
                },
                "backend_payara_host": "{{ (groups['backend_servers'] | default([]) | length > 0) | ternary(groups['backend_servers'] | first, 'localhost') }}",
                "block_device_mappings": [
                    {
                        "device_name": {
                            "__ansible_unsafe": "/dev/sda1"
                        },
                        "ebs": {
                            "attach_time": "2025-09-01T10:48:49+00:00",
                            "delete_on_termination": false,
                            "ebs_card_index": 0,
                            "status": {
                                "__ansible_unsafe": "attached"
                            },
                            "volume_id": {
                                "__ansible_unsafe": "vol-085a38e0a9a297db0"
                            }
                        }
                    }
                ],
                "boot_mode": {
                    "__ansible_unsafe": "uefi-preferred"
                },
                "capacity_reservation_specification": {
                    "capacity_reservation_preference": {
                        "__ansible_unsafe": "open"
                    }
                },
                "client_token": {
                    "__ansible_unsafe": "d0e4abbf-68c0-bbf5-2485-7366c2421316"
                },
                "cpu_options": {
                    "core_count": 1,
                    "threads_per_core": 2
                },
                "current_instance_boot_mode": {
                    "__ansible_unsafe": "uefi"
                },
                "customer_name": "customer",
                "ebs_optimized": false,
                "ec2_tags": {
                    "AUTHOR": {
                        "__ansible_unsafe": "ADE"
                    },
                    "CreatedBy": {
                        "__ansible_unsafe": "CloudFormation template"
                    },
                    "Name": {
                        "__ansible_unsafe": "Shared-BE"
                    },
                    "PROJECT": {
                        "__ansible_unsafe": "RD-BE-ADR-DEV"
                    },
                    "TEAM": {
                        "__ansible_unsafe": "RD-LIEGE"
                    },
                    "aws:cloudformation:logical-id": {
                        "__ansible_unsafe": "InstanceBE"
                    },
                    "aws:cloudformation:stack-id": {
                        "__ansible_unsafe": "arn:aws:cloudformation:eu-central-1:100972518102:stack/ADE-ADR-test/3376ce60-8721-11f0-81d7-0aa3d1de3603"
                    },
                    "aws:cloudformation:stack-name": {
                        "__ansible_unsafe": "ADE-ADR-test"
                    }
                },
                "ena_support": true,
                "enclave_options": {
                    "enabled": false
                },
                "hibernation_options": {
                    "configured": false
                },
                "hypervisor": {
                    "__ansible_unsafe": "xen"
                },
                "image_id": {
                    "__ansible_unsafe": "ami-02003f9f0fde924ea"
                },
                "include_release_vars": "vars/releases/4.0.9.yml",
                "instance_id": {
                    "__ansible_unsafe": "i-0abd3c1d937b97399"
                },
                "instance_type": {
                    "__ansible_unsafe": "t3.large"
                },
                "key_name": {
                    "__ansible_unsafe": "Ampacimon-2024"
                },
                "keycloak_host": "{{ (groups['frontend_servers'] | default([]) | length > 0) | ternary(groups['frontend_servers'] | first, 'localhost') }}",
                "keycloak_service_name_linux": "keycloak",
                "keycloak_symlink_path_linux": "/opt/keycloak",
                "keycloak_symlink_path_windows": "C:\\adr\\keycloak",
                "launch_time": "2025-10-10T10:19:01+00:00",
                "maintenance_options": {
                    "auto_recovery": {
                        "__ansible_unsafe": "default"
                    },
                    "reboot_migration": {
                        "__ansible_unsafe": "default"
                    }
                },
                "metadata_options": {
                    "http_endpoint": {
                        "__ansible_unsafe": "enabled"
                    },
                    "http_protocol_ipv6": {
                        "__ansible_unsafe": "disabled"
                    },
                    "http_put_response_hop_limit": 2,
                    "http_tokens": {
                        "__ansible_unsafe": "required"
                    },
                    "instance_metadata_tags": {
                        "__ansible_unsafe": "disabled"
                    },
                    "state": {
                        "__ansible_unsafe": "applied"
                    }
                },
                "mongodb_bind_ips": "127.0.0.1",
                "mongodb_host": "{{ (groups['database_servers'] | default([]) | length > 0) | ternary(groups['database_servers'] | first, (groups['backend_servers'] | default([]) | length > 0) | ternary(groups['backend_servers'] | first, 'localhost')) }}",
                "mongodb_service_name_linux": "mongod",
                "mongodb_symlink_path_linux": "/opt/mongodb",
                "monitoring": {
                    "state": {
                        "__ansible_unsafe": "disabled"
                    }
                },
                "network_interfaces": [
                    {
                        "attachment": {
                            "attach_time": "2025-09-01T10:48:48+00:00",
                            "attachment_id": {
                                "__ansible_unsafe": "eni-attach-0e00b8ceff3aa8b53"
                            },
                            "delete_on_termination": true,
                            "device_index": 0,
                            "network_card_index": 0,
                            "status": {
                                "__ansible_unsafe": "attached"
                            }
                        },
                        "description": {
                            "__ansible_unsafe": "BE Interface"
                        },
                        "groups": [
                            {
                                "group_id": {
                                    "__ansible_unsafe": "sg-0c2cddbca4157db89"
                                },
                                "group_name": {
                                    "__ansible_unsafe": "sg_private_Shared"
                                }
                            }
                        ],
                        "interface_type": {
                            "__ansible_unsafe": "interface"
                        },
                        "ipv6_addresses": [],
                        "mac_address": {
                            "__ansible_unsafe": "02:31:23:2c:e5:3b"
                        },
                        "network_interface_id": {
                            "__ansible_unsafe": "eni-01b7d84dc480f680e"
                        },
                        "operator": {
                            "managed": false
                        },
                        "owner_id": {
                            "__ansible_unsafe": "100972518102"
                        },
                        "private_dns_name": {
                            "__ansible_unsafe": "ip-192-168-14-106.eu-central-1.compute.internal"
                        },
                        "private_ip_address": {
                            "__ansible_unsafe": "192.168.14.106"
                        },
                        "private_ip_addresses": [
                            {
                                "primary": true,
                                "private_dns_name": {
                                    "__ansible_unsafe": "ip-192-168-14-106.eu-central-1.compute.internal"
                                },
                                "private_ip_address": {
                                    "__ansible_unsafe": "192.168.14.106"
                                }
                            }
                        ],
                        "source_dest_check": false,
                        "status": {
                            "__ansible_unsafe": "in-use"
                        },
                        "subnet_id": {
                            "__ansible_unsafe": "subnet-012e899180bdec72d"
                        },
                        "vpc_id": {
                            "__ansible_unsafe": "vpc-0e7dc5b696c33a7a5"
                        }
                    }
                ],
                "network_performance_options": {
                    "bandwidth_weighting": {
                        "__ansible_unsafe": "default"
                    }
                },
                "nginx_service_name_linux": "nginx",
                "nginx_symlink_path_linux": "/opt/nginx",
                "operator": {
                    "hidden_by_default": false,
                    "managed": false
                },
                "owner_id": {
                    "__ansible_unsafe": "100972518102"
                },
                "payara_symlink_path_linux": "/opt/payara",
                "payara_symlink_path_windows": "C:\\adr\\payara",
                "placement": {
                    "availability_zone": {
                        "__ansible_unsafe": "eu-central-1a"
                    },
                    "availability_zone_id": {
                        "__ansible_unsafe": "euc1-az2"
                    },
                    "group_name": {
                        "__ansible_unsafe": ""
                    },
                    "region": {
                        "__ansible_unsafe": "eu-central-1"
                    },
                    "tenancy": {
                        "__ansible_unsafe": "default"
                    }
                },
                "platform_details": {
                    "__ansible_unsafe": "Linux/UNIX"
                },
                "postfix_from_address": "REPLACE_ME_FROM@example.com",
                "postfix_relay_host": "REPLACE_ME_RELAY_IP",
                "postfix_relay_password": "tototototo",
                "postfix_relay_port": "587",
                "postfix_relay_user": "REPLACE_ME_USER",
                "postgresql_admin_user": "adr_superadmin",
                "postgresql_host": "{{ (groups['database_servers'] | default([]) | length > 0) | ternary(groups['database_servers'] | first, (groups['backend_servers'] | default([]) | length > 0) | ternary(groups['backend_servers'] | first, 'localhost')) }}",
                "postgresql_service_name_linux": "postgresql",
                "postgresql_symlink_path_linux": "/opt/postgresql",
                "postgresql_version": "14",
                "private_dns_name": {
                    "__ansible_unsafe": "ip-192-168-14-106.eu-central-1.compute.internal"
                },
                "private_dns_name_options": {
                    "enable_resource_name_dns_a_record": false,
                    "enable_resource_name_dns_aaaa_record": false,
                    "hostname_type": {
                        "__ansible_unsafe": "ip-name"
                    }
                },
                "private_ip_address": {
                    "__ansible_unsafe": "192.168.14.106"
                },
                "product_codes": [],
                "public_dns_name": {
                    "__ansible_unsafe": ""
                },
                "requester_id": {
                    "__ansible_unsafe": "119857478548"
                },
                "reservation_id": {
                    "__ansible_unsafe": "r-04cd871fbb49601fe"
                },
                "root_device_name": {
                    "__ansible_unsafe": "/dev/sda1"
                },
                "root_device_type": {
                    "__ansible_unsafe": "ebs"
                },
                "security_groups": [
                    {
                        "group_id": {
                            "__ansible_unsafe": "sg-0c2cddbca4157db89"
                        },
                        "group_name": {
                            "__ansible_unsafe": "sg_private_Shared"
                        }
                    }
                ],
                "source_dest_check": false,
                "state": {
                    "code": 16,
                    "name": {
                        "__ansible_unsafe": "running"
                    }
                },
                "state_transition_reason": {
                    "__ansible_unsafe": ""
                },
                "subnet_id": {
                    "__ansible_unsafe": "subnet-012e899180bdec72d"
                },
                "tags": {
                    "AUTHOR": {
                        "__ansible_unsafe": "ADE"
                    },
                    "CreatedBy": {
                        "__ansible_unsafe": "CloudFormation template"
                    },
                    "Name": {
                        "__ansible_unsafe": "Shared-BE"
                    },
                    "PROJECT": {
                        "__ansible_unsafe": "RD-BE-ADR-DEV"
                    },
                    "TEAM": {
                        "__ansible_unsafe": "RD-LIEGE"
                    },
                    "aws:cloudformation:logical-id": {
                        "__ansible_unsafe": "InstanceBE"
                    },
                    "aws:cloudformation:stack-id": {
                        "__ansible_unsafe": "arn:aws:cloudformation:eu-central-1:100972518102:stack/ADE-ADR-test/3376ce60-8721-11f0-81d7-0aa3d1de3603"
                    },
                    "aws:cloudformation:stack-name": {
                        "__ansible_unsafe": "ADE-ADR-test"
                    }
                },
                "usage_operation": {
                    "__ansible_unsafe": "RunInstances"
                },
                "usage_operation_update_time": "2025-09-01T10:48:48+00:00",
                "virtualization_type": {
                    "__ansible_unsafe": "hvm"
                },
                "vpc_id": {
                    "__ansible_unsafe": "vpc-0e7dc5b696c33a7a5"
                }
            },
            "Shared-FE": {
                "adr_base_path_linux": "/opt/adr",
                "adr_base_path_windows": "C:\\adr",
                "allowed_network_range": "127.0.0.1/32",
                "ami_launch_index": 0,
                "ansible_become": true,
                "ansible_connection": {
                    "__ansible_unsafe": "ssh"
                },
                "ansible_host": {
                    "__ansible_unsafe": "192.168.14.29"
                },
                "ansible_validate_certs": true,
                "architecture": {
                    "__ansible_unsafe": "x86_64"
                },
                "backend_payara_host": "{{ (groups['backend_servers'] | default([]) | length > 0) | ternary(groups['backend_servers'] | first, 'localhost') }}",
                "block_device_mappings": [
                    {
                        "device_name": {
                            "__ansible_unsafe": "/dev/sda1"
                        },
                        "ebs": {
                            "attach_time": "2025-09-01T10:48:49+00:00",
                            "delete_on_termination": false,
                            "ebs_card_index": 0,
                            "status": {
                                "__ansible_unsafe": "attached"
                            },
                            "volume_id": {
                                "__ansible_unsafe": "vol-023c6280bae2d0961"
                            }
                        }
                    }
                ],
                "boot_mode": {
                    "__ansible_unsafe": "uefi-preferred"
                },
                "capacity_reservation_specification": {
                    "capacity_reservation_preference": {
                        "__ansible_unsafe": "open"
                    }
                },
                "client_token": {
                    "__ansible_unsafe": "96ccda98-6253-154e-8987-8dbea645d0ec"
                },
                "cpu_options": {
                    "core_count": 1,
                    "threads_per_core": 2
                },
                "current_instance_boot_mode": {
                    "__ansible_unsafe": "uefi"
                },
                "customer_name": "customer",
                "ebs_optimized": false,
                "ec2_tags": {
                    "AUTHOR": {
                        "__ansible_unsafe": "ADE"
                    },
                    "CreatedBy": {
                        "__ansible_unsafe": "CloudFormation template"
                    },
                    "Name": {
                        "__ansible_unsafe": "Shared-FE"
                    },
                    "PROJECT": {
                        "__ansible_unsafe": "RD-BE-ADR-DEV"
                    },
                    "TEAM": {
                        "__ansible_unsafe": "RD-LIEGE"
                    },
                    "aws:cloudformation:logical-id": {
                        "__ansible_unsafe": "InstanceFE"
                    },
                    "aws:cloudformation:stack-id": {
                        "__ansible_unsafe": "arn:aws:cloudformation:eu-central-1:100972518102:stack/ADE-ADR-test/3376ce60-8721-11f0-81d7-0aa3d1de3603"
                    },
                    "aws:cloudformation:stack-name": {
                        "__ansible_unsafe": "ADE-ADR-test"
                    }
                },
                "ena_support": true,
                "enclave_options": {
                    "enabled": false
                },
                "hibernation_options": {
                    "configured": false
                },
                "hypervisor": {
                    "__ansible_unsafe": "xen"
                },
                "image_id": {
                    "__ansible_unsafe": "ami-02003f9f0fde924ea"
                },
                "include_release_vars": "vars/releases/4.0.9.yml",
                "instance_id": {
                    "__ansible_unsafe": "i-0424ccd1ca4b23fc3"
                },
                "instance_type": {
                    "__ansible_unsafe": "t3.large"
                },
                "key_name": {
                    "__ansible_unsafe": "Ampacimon-2024"
                },
                "keycloak_host": "{{ (groups['frontend_servers'] | default([]) | length > 0) | ternary(groups['frontend_servers'] | first, 'localhost') }}",
                "keycloak_service_name_linux": "keycloak",
                "keycloak_symlink_path_linux": "/opt/keycloak",
                "keycloak_symlink_path_windows": "C:\\adr\\keycloak",
                "launch_time": "2025-09-01T10:48:48+00:00",
                "maintenance_options": {
                    "auto_recovery": {
                        "__ansible_unsafe": "default"
                    },
                    "reboot_migration": {
                        "__ansible_unsafe": "default"
                    }
                },
                "metadata_options": {
                    "http_endpoint": {
                        "__ansible_unsafe": "enabled"
                    },
                    "http_protocol_ipv6": {
                        "__ansible_unsafe": "disabled"
                    },
                    "http_put_response_hop_limit": 2,
                    "http_tokens": {
                        "__ansible_unsafe": "required"
                    },
                    "instance_metadata_tags": {
                        "__ansible_unsafe": "disabled"
                    },
                    "state": {
                        "__ansible_unsafe": "applied"
                    }
                },
                "mongodb_bind_ips": "127.0.0.1",
                "mongodb_host": "{{ (groups['database_servers'] | default([]) | length > 0) | ternary(groups['database_servers'] | first, (groups['backend_servers'] | default([]) | length > 0) | ternary(groups['backend_servers'] | first, 'localhost')) }}",
                "mongodb_service_name_linux": "mongod",
                "mongodb_symlink_path_linux": "/opt/mongodb",
                "monitoring": {
                    "state": {
                        "__ansible_unsafe": "disabled"
                    }
                },
                "network_interfaces": [
                    {
                        "attachment": {
                            "attach_time": "2025-09-01T10:48:48+00:00",
                            "attachment_id": {
                                "__ansible_unsafe": "eni-attach-04419724cc7dd3f9e"
                            },
                            "delete_on_termination": true,
                            "device_index": 0,
                            "network_card_index": 0,
                            "status": {
                                "__ansible_unsafe": "attached"
                            }
                        },
                        "description": {
                            "__ansible_unsafe": "FE Interface"
                        },
                        "groups": [
                            {
                                "group_id": {
                                    "__ansible_unsafe": "sg-0c2cddbca4157db89"
                                },
                                "group_name": {
                                    "__ansible_unsafe": "sg_private_Shared"
                                }
                            }
                        ],
                        "interface_type": {
                            "__ansible_unsafe": "interface"
                        },
                        "ipv6_addresses": [],
                        "mac_address": {
                            "__ansible_unsafe": "02:5a:ed:6c:61:a5"
                        },
                        "network_interface_id": {
                            "__ansible_unsafe": "eni-00c75f6b3e897d151"
                        },
                        "operator": {
                            "managed": false
                        },
                        "owner_id": {
                            "__ansible_unsafe": "100972518102"
                        },
                        "private_dns_name": {
                            "__ansible_unsafe": "ip-192-168-14-29.eu-central-1.compute.internal"
                        },
                        "private_ip_address": {
                            "__ansible_unsafe": "192.168.14.29"
                        },
                        "private_ip_addresses": [
                            {
                                "primary": true,
                                "private_dns_name": {
                                    "__ansible_unsafe": "ip-192-168-14-29.eu-central-1.compute.internal"
                                },
                                "private_ip_address": {
                                    "__ansible_unsafe": "192.168.14.29"
                                }
                            }
                        ],
                        "source_dest_check": false,
                        "status": {
                            "__ansible_unsafe": "in-use"
                        },
                        "subnet_id": {
                            "__ansible_unsafe": "subnet-012e899180bdec72d"
                        },
                        "vpc_id": {
                            "__ansible_unsafe": "vpc-0e7dc5b696c33a7a5"
                        }
                    }
                ],
                "network_performance_options": {
                    "bandwidth_weighting": {
                        "__ansible_unsafe": "default"
                    }
                },
                "nginx_service_name_linux": "nginx",
                "nginx_symlink_path_linux": "/opt/nginx",
                "operator": {
                    "hidden_by_default": false,
                    "managed": false
                },
                "owner_id": {
                    "__ansible_unsafe": "100972518102"
                },
                "payara_symlink_path_linux": "/opt/payara",
                "payara_symlink_path_windows": "C:\\adr\\payara",
                "placement": {
                    "availability_zone": {
                        "__ansible_unsafe": "eu-central-1a"
                    },
                    "availability_zone_id": {
                        "__ansible_unsafe": "euc1-az2"
                    },
                    "group_name": {
                        "__ansible_unsafe": ""
                    },
                    "region": {
                        "__ansible_unsafe": "eu-central-1"
                    },
                    "tenancy": {
                        "__ansible_unsafe": "default"
                    }
                },
                "platform_details": {
                    "__ansible_unsafe": "Linux/UNIX"
                },
                "postfix_from_address": "REPLACE_ME_FROM@example.com",
                "postfix_relay_host": "REPLACE_ME_RELAY_IP",
                "postfix_relay_password": "tototototo",
                "postfix_relay_port": "587",
                "postfix_relay_user": "REPLACE_ME_USER",
                "postgresql_admin_user": "adr_superadmin",
                "postgresql_host": "{{ (groups['database_servers'] | default([]) | length > 0) | ternary(groups['database_servers'] | first, (groups['backend_servers'] | default([]) | length > 0) | ternary(groups['backend_servers'] | first, 'localhost')) }}",
                "postgresql_service_name_linux": "postgresql",
                "postgresql_symlink_path_linux": "/opt/postgresql",
                "postgresql_version": "14",
                "private_dns_name": {
                    "__ansible_unsafe": "ip-192-168-14-29.eu-central-1.compute.internal"
                },
                "private_dns_name_options": {
                    "enable_resource_name_dns_a_record": false,
                    "enable_resource_name_dns_aaaa_record": false,
                    "hostname_type": {
                        "__ansible_unsafe": "ip-name"
                    }
                },
                "private_ip_address": {
                    "__ansible_unsafe": "192.168.14.29"
                },
                "product_codes": [],
                "public_dns_name": {
                    "__ansible_unsafe": ""
                },
                "requester_id": {
                    "__ansible_unsafe": "119857478548"
                },
                "reservation_id": {
                    "__ansible_unsafe": "r-023bf80cfe411f530"
                },
                "root_device_name": {
                    "__ansible_unsafe": "/dev/sda1"
                },
                "root_device_type": {
                    "__ansible_unsafe": "ebs"
                },
                "security_groups": [
                    {
                        "group_id": {
                            "__ansible_unsafe": "sg-0c2cddbca4157db89"
                        },
                        "group_name": {
                            "__ansible_unsafe": "sg_private_Shared"
                        }
                    }
                ],
                "source_dest_check": false,
                "state": {
                    "code": 16,
                    "name": {
                        "__ansible_unsafe": "running"
                    }
                },
                "state_transition_reason": {
                    "__ansible_unsafe": ""
                },
                "subnet_id": {
                    "__ansible_unsafe": "subnet-012e899180bdec72d"
                },
                "tags": {
                    "AUTHOR": {
                        "__ansible_unsafe": "ADE"
                    },
                    "CreatedBy": {
                        "__ansible_unsafe": "CloudFormation template"
                    },
                    "Name": {
                        "__ansible_unsafe": "Shared-FE"
                    },
                    "PROJECT": {
                        "__ansible_unsafe": "RD-BE-ADR-DEV"
                    },
                    "TEAM": {
                        "__ansible_unsafe": "RD-LIEGE"
                    },
                    "aws:cloudformation:logical-id": {
                        "__ansible_unsafe": "InstanceFE"
                    },
                    "aws:cloudformation:stack-id": {
                        "__ansible_unsafe": "arn:aws:cloudformation:eu-central-1:100972518102:stack/ADE-ADR-test/3376ce60-8721-11f0-81d7-0aa3d1de3603"
                    },
                    "aws:cloudformation:stack-name": {
                        "__ansible_unsafe": "ADE-ADR-test"
                    }
                },
                "usage_operation": {
                    "__ansible_unsafe": "RunInstances"
                },
                "usage_operation_update_time": "2025-09-01T10:48:48+00:00",
                "virtualization_type": {
                    "__ansible_unsafe": "hvm"
                },
                "vpc_id": {
                    "__ansible_unsafe": "vpc-0e7dc5b696c33a7a5"
                }
            },
            "Shared-NAT": {
                "adr_base_path_linux": "/opt/adr",
                "adr_base_path_windows": "C:\\adr",
                "allowed_network_range": "127.0.0.1/32",
                "ami_launch_index": 0,
                "ansible_become": true,
                "ansible_connection": {
                    "__ansible_unsafe": "ssh"
                },
                "ansible_host": {
                    "__ansible_unsafe": "192.168.13.254"
                },
                "ansible_validate_certs": true,
                "architecture": {
                    "__ansible_unsafe": "x86_64"
                },
                "backend_payara_host": "{{ (groups['backend_servers'] | default([]) | length > 0) | ternary(groups['backend_servers'] | first, 'localhost') }}",
                "block_device_mappings": [
                    {
                        "device_name": {
                            "__ansible_unsafe": "/dev/sda1"
                        },
                        "ebs": {
                            "attach_time": "2025-09-01T10:48:36+00:00",
                            "delete_on_termination": false,
                            "ebs_card_index": 0,
                            "status": {
                                "__ansible_unsafe": "attached"
                            },
                            "volume_id": {
                                "__ansible_unsafe": "vol-0dce78627ba74f7f5"
                            }
                        }
                    }
                ],
                "boot_mode": {
                    "__ansible_unsafe": "uefi-preferred"
                },
                "capacity_reservation_specification": {
                    "capacity_reservation_preference": {
                        "__ansible_unsafe": "open"
                    }
                },
                "client_token": {
                    "__ansible_unsafe": "96cf48a9-0bee-e1de-f813-c322bf364b49"
                },
                "cpu_options": {
                    "core_count": 1,
                    "threads_per_core": 2
                },
                "current_instance_boot_mode": {
                    "__ansible_unsafe": "uefi"
                },
                "customer_name": "customer",
                "ebs_optimized": false,
                "ec2_tags": {
                    "AUTHOR": {
                        "__ansible_unsafe": "ADE"
                    },
                    "CreatedBy": {
                        "__ansible_unsafe": "CloudFormation template"
                    },
                    "Name": {
                        "__ansible_unsafe": "Shared-NAT"
                    },
                    "PROJECT": {
                        "__ansible_unsafe": "RD-BE-ADR-DEV"
                    },
                    "TEAM": {
                        "__ansible_unsafe": "RD-LIEGE"
                    },
                    "aws:cloudformation:logical-id": {
                        "__ansible_unsafe": "InstanceNAT"
                    },
                    "aws:cloudformation:stack-id": {
                        "__ansible_unsafe": "arn:aws:cloudformation:eu-central-1:100972518102:stack/ADE-ADR-test/3376ce60-8721-11f0-81d7-0aa3d1de3603"
                    },
                    "aws:cloudformation:stack-name": {
                        "__ansible_unsafe": "ADE-ADR-test"
                    }
                },
                "ena_support": true,
                "enclave_options": {
                    "enabled": false
                },
                "hibernation_options": {
                    "configured": false
                },
                "hypervisor": {
                    "__ansible_unsafe": "xen"
                },
                "image_id": {
                    "__ansible_unsafe": "ami-02003f9f0fde924ea"
                },
                "include_release_vars": "vars/releases/4.0.9.yml",
                "instance_id": {
                    "__ansible_unsafe": "i-04b10c86b6c4d9e51"
                },
                "instance_type": {
                    "__ansible_unsafe": "t3.micro"
                },
                "key_name": {
                    "__ansible_unsafe": "Ampacimon-2024"
                },
                "keycloak_host": "{{ (groups['frontend_servers'] | default([]) | length > 0) | ternary(groups['frontend_servers'] | first, 'localhost') }}",
                "keycloak_service_name_linux": "keycloak",
                "keycloak_symlink_path_linux": "/opt/keycloak",
                "keycloak_symlink_path_windows": "C:\\adr\\keycloak",
                "launch_time": "2025-10-10T10:18:47+00:00",
                "maintenance_options": {
                    "auto_recovery": {
                        "__ansible_unsafe": "default"
                    },
                    "reboot_migration": {
                        "__ansible_unsafe": "default"
                    }
                },
                "metadata_options": {
                    "http_endpoint": {
                        "__ansible_unsafe": "enabled"
                    },
                    "http_protocol_ipv6": {
                        "__ansible_unsafe": "disabled"
                    },
                    "http_put_response_hop_limit": 2,
                    "http_tokens": {
                        "__ansible_unsafe": "required"
                    },
                    "instance_metadata_tags": {
                        "__ansible_unsafe": "disabled"
                    },
                    "state": {
                        "__ansible_unsafe": "applied"
                    }
                },
                "mongodb_bind_ips": "127.0.0.1",
                "mongodb_host": "{{ (groups['database_servers'] | default([]) | length > 0) | ternary(groups['database_servers'] | first, (groups['backend_servers'] | default([]) | length > 0) | ternary(groups['backend_servers'] | first, 'localhost')) }}",
                "mongodb_service_name_linux": "mongod",
                "mongodb_symlink_path_linux": "/opt/mongodb",
                "monitoring": {
                    "state": {
                        "__ansible_unsafe": "disabled"
                    }
                },
                "network_interfaces": [
                    {
                        "association": {
                            "ip_owner_id": {
                                "__ansible_unsafe": "100972518102"
                            },
                            "public_dns_name": {
                                "__ansible_unsafe": "ec2-18-198-69-179.eu-central-1.compute.amazonaws.com"
                            },
                            "public_ip": {
                                "__ansible_unsafe": "18.198.69.179"
                            }
                        },
                        "attachment": {
                            "attach_time": "2025-09-01T10:48:35+00:00",
                            "attachment_id": {
                                "__ansible_unsafe": "eni-attach-056cae3da303d6a8f"
                            },
                            "delete_on_termination": true,
                            "device_index": 0,
                            "network_card_index": 0,
                            "status": {
                                "__ansible_unsafe": "attached"
                            }
                        },
                        "description": {
                            "__ansible_unsafe": "NAT Interface"
                        },
                        "groups": [
                            {
                                "group_id": {
                                    "__ansible_unsafe": "sg-0b34e27942be241e3"
                                },
                                "group_name": {
                                    "__ansible_unsafe": "sg_public_prod"
                                }
                            }
                        ],
                        "interface_type": {
                            "__ansible_unsafe": "interface"
                        },
                        "ipv6_addresses": [],
                        "mac_address": {
                            "__ansible_unsafe": "02:d4:dc:14:8a:59"
                        },
                        "network_interface_id": {
                            "__ansible_unsafe": "eni-0de5e42fa2c983350"
                        },
                        "operator": {
                            "managed": false
                        },
                        "owner_id": {
                            "__ansible_unsafe": "100972518102"
                        },
                        "private_dns_name": {
                            "__ansible_unsafe": "ip-192-168-13-254.eu-central-1.compute.internal"
                        },
                        "private_ip_address": {
                            "__ansible_unsafe": "192.168.13.254"
                        },
                        "private_ip_addresses": [
                            {
                                "association": {
                                    "ip_owner_id": {
                                        "__ansible_unsafe": "100972518102"
                                    },
                                    "public_dns_name": {
                                        "__ansible_unsafe": "ec2-18-198-69-179.eu-central-1.compute.amazonaws.com"
                                    },
                                    "public_ip": {
                                        "__ansible_unsafe": "18.198.69.179"
                                    }
                                },
                                "primary": true,
                                "private_dns_name": {
                                    "__ansible_unsafe": "ip-192-168-13-254.eu-central-1.compute.internal"
                                },
                                "private_ip_address": {
                                    "__ansible_unsafe": "192.168.13.254"
                                }
                            }
                        ],
                        "source_dest_check": false,
                        "status": {
                            "__ansible_unsafe": "in-use"
                        },
                        "subnet_id": {
                            "__ansible_unsafe": "subnet-07ae659fb68c37770"
                        },
                        "vpc_id": {
                            "__ansible_unsafe": "vpc-0e7dc5b696c33a7a5"
                        }
                    }
                ],
                "network_performance_options": {
                    "bandwidth_weighting": {
                        "__ansible_unsafe": "default"
                    }
                },
                "nginx_service_name_linux": "nginx",
                "nginx_symlink_path_linux": "/opt/nginx",
                "operator": {
                    "hidden_by_default": false,
                    "managed": false
                },
                "owner_id": {
                    "__ansible_unsafe": "100972518102"
                },
                "payara_symlink_path_linux": "/opt/payara",
                "payara_symlink_path_windows": "C:\\adr\\payara",
                "placement": {
                    "availability_zone": {
                        "__ansible_unsafe": "eu-central-1a"
                    },
                    "availability_zone_id": {
                        "__ansible_unsafe": "euc1-az2"
                    },
                    "group_name": {
                        "__ansible_unsafe": ""
                    },
                    "region": {
                        "__ansible_unsafe": "eu-central-1"
                    },
                    "tenancy": {
                        "__ansible_unsafe": "default"
                    }
                },
                "platform_details": {
                    "__ansible_unsafe": "Linux/UNIX"
                },
                "postfix_from_address": "REPLACE_ME_FROM@example.com",
                "postfix_relay_host": "REPLACE_ME_RELAY_IP",
                "postfix_relay_password": "tototototo",
                "postfix_relay_port": "587",
                "postfix_relay_user": "REPLACE_ME_USER",
                "postgresql_admin_user": "adr_superadmin",
                "postgresql_host": "{{ (groups['database_servers'] | default([]) | length > 0) | ternary(groups['database_servers'] | first, (groups['backend_servers'] | default([]) | length > 0) | ternary(groups['backend_servers'] | first, 'localhost')) }}",
                "postgresql_service_name_linux": "postgresql",
                "postgresql_symlink_path_linux": "/opt/postgresql",
                "postgresql_version": "14",
                "private_dns_name": {
                    "__ansible_unsafe": "ip-192-168-13-254.eu-central-1.compute.internal"
                },
                "private_dns_name_options": {
                    "enable_resource_name_dns_a_record": false,
                    "enable_resource_name_dns_aaaa_record": false,
                    "hostname_type": {
                        "__ansible_unsafe": "ip-name"
                    }
                },
                "private_ip_address": {
                    "__ansible_unsafe": "192.168.13.254"
                },
                "product_codes": [],
                "public_dns_name": {
                    "__ansible_unsafe": "ec2-18-198-69-179.eu-central-1.compute.amazonaws.com"
                },
                "public_ip_address": {
                    "__ansible_unsafe": "18.198.69.179"
                },
                "requester_id": {
                    "__ansible_unsafe": "119857478548"
                },
                "reservation_id": {
                    "__ansible_unsafe": "r-0fa7fa6cb1b1ed797"
                },
                "root_device_name": {
                    "__ansible_unsafe": "/dev/sda1"
                },
                "root_device_type": {
                    "__ansible_unsafe": "ebs"
                },
                "security_groups": [
                    {
                        "group_id": {
                            "__ansible_unsafe": "sg-0b34e27942be241e3"
                        },
                        "group_name": {
                            "__ansible_unsafe": "sg_public_prod"
                        }
                    }
                ],
                "source_dest_check": false,
                "state": {
                    "code": 16,
                    "name": {
                        "__ansible_unsafe": "running"
                    }
                },
                "state_transition_reason": {
                    "__ansible_unsafe": ""
                },
                "subnet_id": {
                    "__ansible_unsafe": "subnet-07ae659fb68c37770"
                },
                "tags": {
                    "AUTHOR": {
                        "__ansible_unsafe": "ADE"
                    },
                    "CreatedBy": {
                        "__ansible_unsafe": "CloudFormation template"
                    },
                    "Name": {
                        "__ansible_unsafe": "Shared-NAT"
                    },
                    "PROJECT": {
                        "__ansible_unsafe": "RD-BE-ADR-DEV"
                    },
                    "TEAM": {
                        "__ansible_unsafe": "RD-LIEGE"
                    },
                    "aws:cloudformation:logical-id": {
                        "__ansible_unsafe": "InstanceNAT"
                    },
                    "aws:cloudformation:stack-id": {
                        "__ansible_unsafe": "arn:aws:cloudformation:eu-central-1:100972518102:stack/ADE-ADR-test/3376ce60-8721-11f0-81d7-0aa3d1de3603"
                    },
                    "aws:cloudformation:stack-name": {
                        "__ansible_unsafe": "ADE-ADR-test"
                    }
                },
                "usage_operation": {
                    "__ansible_unsafe": "RunInstances"
                },
                "usage_operation_update_time": "2025-09-01T10:48:35+00:00",
                "virtualization_type": {
                    "__ansible_unsafe": "hvm"
                },
                "vpc_id": {
                    "__ansible_unsafe": "vpc-0e7dc5b696c33a7a5"
                }
            },
            "Tunnel IPV6": {
                "adr_base_path_linux": "/opt/adr",
                "adr_base_path_windows": "C:\\adr",
                "allowed_network_range": "127.0.0.1/32",
                "ami_launch_index": 0,
                "ansible_become": true,
                "ansible_connection": {
                    "__ansible_unsafe": "ssh"
                },
                "ansible_host": {
                    "__ansible_unsafe": "172.16.13.16"
                },
                "ansible_validate_certs": true,
                "architecture": {
                    "__ansible_unsafe": "x86_64"
                },
                "backend_payara_host": "{{ (groups['backend_servers'] | default([]) | length > 0) | ternary(groups['backend_servers'] | first, 'localhost') }}",
                "block_device_mappings": [
                    {
                        "device_name": {
                            "__ansible_unsafe": "/dev/xvda"
                        },
                        "ebs": {
                            "attach_time": "2026-05-29T13:40:05+00:00",
                            "delete_on_termination": true,
                            "ebs_card_index": 0,
                            "status": {
                                "__ansible_unsafe": "attached"
                            },
                            "volume_id": {
                                "__ansible_unsafe": "vol-0c0f1c41b1998dad3"
                            }
                        }
                    }
                ],
                "capacity_reservation_specification": {
                    "capacity_reservation_preference": {
                        "__ansible_unsafe": "open"
                    }
                },
                "client_token": {
                    "__ansible_unsafe": "a4c71cec-4001-45ac-a988-6de41e35b1fc"
                },
                "cpu_options": {
                    "core_count": 1,
                    "threads_per_core": 1
                },
                "current_instance_boot_mode": {
                    "__ansible_unsafe": "legacy-bios"
                },
                "customer_name": "customer",
                "ebs_optimized": false,
                "ec2_tags": {
                    "Name": {
                        "__ansible_unsafe": "Tunnel IPV6"
                    }
                },
                "ena_support": true,
                "enclave_options": {
                    "enabled": false
                },
                "hibernation_options": {
                    "configured": false
                },
                "hypervisor": {
                    "__ansible_unsafe": "xen"
                },
                "image_id": {
                    "__ansible_unsafe": "ami-0da1f66573556d917"
                },
                "include_release_vars": "vars/releases/4.0.9.yml",
                "instance_id": {
                    "__ansible_unsafe": "i-031880f63c32a11a2"
                },
                "instance_type": {
                    "__ansible_unsafe": "t2.nano"
                },
                "ipv6_address": {
                    "__ansible_unsafe": "2a05:d014:1c7f:fc00:884:ef31:457:d177"
                },
                "key_name": {
                    "__ansible_unsafe": "AmpacimonDev2026TunnelEu"
                },
                "keycloak_host": "{{ (groups['frontend_servers'] | default([]) | length > 0) | ternary(groups['frontend_servers'] | first, 'localhost') }}",
                "keycloak_service_name_linux": "keycloak",
                "keycloak_symlink_path_linux": "/opt/keycloak",
                "keycloak_symlink_path_windows": "C:\\adr\\keycloak",
                "launch_time": "2026-05-29T13:40:04+00:00",
                "maintenance_options": {
                    "auto_recovery": {
                        "__ansible_unsafe": "default"
                    },
                    "reboot_migration": {
                        "__ansible_unsafe": "default"
                    }
                },
                "metadata_options": {
                    "http_endpoint": {
                        "__ansible_unsafe": "enabled"
                    },
                    "http_protocol_ipv6": {
                        "__ansible_unsafe": "disabled"
                    },
                    "http_put_response_hop_limit": 2,
                    "http_tokens": {
                        "__ansible_unsafe": "required"
                    },
                    "instance_metadata_tags": {
                        "__ansible_unsafe": "disabled"
                    },
                    "state": {
                        "__ansible_unsafe": "applied"
                    }
                },
                "mongodb_bind_ips": "127.0.0.1",
                "mongodb_host": "{{ (groups['database_servers'] | default([]) | length > 0) | ternary(groups['database_servers'] | first, (groups['backend_servers'] | default([]) | length > 0) | ternary(groups['backend_servers'] | first, 'localhost')) }}",
                "mongodb_service_name_linux": "mongod",
                "mongodb_symlink_path_linux": "/opt/mongodb",
                "monitoring": {
                    "state": {
                        "__ansible_unsafe": "disabled"
                    }
                },
                "network_interfaces": [
                    {
                        "association": {
                            "ip_owner_id": {
                                "__ansible_unsafe": "amazon"
                            },
                            "public_dns_name": {
                                "__ansible_unsafe": "ec2-3-70-46-4.eu-central-1.compute.amazonaws.com"
                            },
                            "public_ip": {
                                "__ansible_unsafe": "3.70.46.4"
                            }
                        },
                        "attachment": {
                            "attach_time": "2026-05-29T13:40:04+00:00",
                            "attachment_id": {
                                "__ansible_unsafe": "eni-attach-0059cf0790515f01d"
                            },
                            "delete_on_termination": true,
                            "device_index": 0,
                            "network_card_index": 0,
                            "status": {
                                "__ansible_unsafe": "attached"
                            }
                        },
                        "description": {
                            "__ansible_unsafe": ""
                        },
                        "groups": [
                            {
                                "group_id": {
                                    "__ansible_unsafe": "sg-0c2163e9c4a0f885b"
                                },
                                "group_name": {
                                    "__ansible_unsafe": "AmpacimonDMZ"
                                }
                            }
                        ],
                        "interface_type": {
                            "__ansible_unsafe": "interface"
                        },
                        "ipv6_addresses": [
                            {
                                "ipv6_address": {
                                    "__ansible_unsafe": "2a05:d014:1c7f:fc00:884:ef31:457:d177"
                                },
                                "is_primary_ipv6": true
                            }
                        ],
                        "mac_address": {
                            "__ansible_unsafe": "02:7a:8a:53:ad:99"
                        },
                        "network_interface_id": {
                            "__ansible_unsafe": "eni-03e1be09ce220f13f"
                        },
                        "operator": {
                            "managed": false
                        },
                        "owner_id": {
                            "__ansible_unsafe": "100972518102"
                        },
                        "private_dns_name": {
                            "__ansible_unsafe": "ip-172-16-13-16.eu-central-1.compute.internal"
                        },
                        "private_ip_address": {
                            "__ansible_unsafe": "172.16.13.16"
                        },
                        "private_ip_addresses": [
                            {
                                "association": {
                                    "ip_owner_id": {
                                        "__ansible_unsafe": "amazon"
                                    },
                                    "public_dns_name": {
                                        "__ansible_unsafe": "ec2-3-70-46-4.eu-central-1.compute.amazonaws.com"
                                    },
                                    "public_ip": {
                                        "__ansible_unsafe": "3.70.46.4"
                                    }
                                },
                                "primary": true,
                                "private_dns_name": {
                                    "__ansible_unsafe": "ip-172-16-13-16.eu-central-1.compute.internal"
                                },
                                "private_ip_address": {
                                    "__ansible_unsafe": "172.16.13.16"
                                }
                            }
                        ],
                        "source_dest_check": true,
                        "status": {
                            "__ansible_unsafe": "in-use"
                        },
                        "subnet_id": {
                            "__ansible_unsafe": "subnet-0c25252cfc432481f"
                        },
                        "vpc_id": {
                            "__ansible_unsafe": "vpc-0f41a404a6013f73f"
                        }
                    }
                ],
                "network_performance_options": {
                    "bandwidth_weighting": {
                        "__ansible_unsafe": "default"
                    }
                },
                "nginx_service_name_linux": "nginx",
                "nginx_symlink_path_linux": "/opt/nginx",
                "operator": {
                    "hidden_by_default": false,
                    "managed": false
                },
                "owner_id": {
                    "__ansible_unsafe": "100972518102"
                },
                "payara_symlink_path_linux": "/opt/payara",
                "payara_symlink_path_windows": "C:\\adr\\payara",
                "placement": {
                    "availability_zone": {
                        "__ansible_unsafe": "eu-central-1a"
                    },
                    "availability_zone_id": {
                        "__ansible_unsafe": "euc1-az2"
                    },
                    "group_name": {
                        "__ansible_unsafe": ""
                    },
                    "region": {
                        "__ansible_unsafe": "eu-central-1"
                    },
                    "tenancy": {
                        "__ansible_unsafe": "default"
                    }
                },
                "platform_details": {
                    "__ansible_unsafe": "Linux/UNIX"
                },
                "postfix_from_address": "REPLACE_ME_FROM@example.com",
                "postfix_relay_host": "REPLACE_ME_RELAY_IP",
                "postfix_relay_password": "tototototo",
                "postfix_relay_port": "587",
                "postfix_relay_user": "REPLACE_ME_USER",
                "postgresql_admin_user": "adr_superadmin",
                "postgresql_host": "{{ (groups['database_servers'] | default([]) | length > 0) | ternary(groups['database_servers'] | first, (groups['backend_servers'] | default([]) | length > 0) | ternary(groups['backend_servers'] | first, 'localhost')) }}",
                "postgresql_service_name_linux": "postgresql",
                "postgresql_symlink_path_linux": "/opt/postgresql",
                "postgresql_version": "14",
                "private_dns_name": {
                    "__ansible_unsafe": "ip-172-16-13-16.eu-central-1.compute.internal"
                },
                "private_dns_name_options": {
                    "enable_resource_name_dns_a_record": false,
                    "enable_resource_name_dns_aaaa_record": false,
                    "hostname_type": {
                        "__ansible_unsafe": "ip-name"
                    }
                },
                "private_ip_address": {
                    "__ansible_unsafe": "172.16.13.16"
                },
                "product_codes": [],
                "public_dns_name": {
                    "__ansible_unsafe": "ec2-3-70-46-4.eu-central-1.compute.amazonaws.com"
                },
                "public_ip_address": {
                    "__ansible_unsafe": "3.70.46.4"
                },
                "requester_id": {
                    "__ansible_unsafe": ""
                },
                "reservation_id": {
                    "__ansible_unsafe": "r-03a721f0a77ba59b3"
                },
                "root_device_name": {
                    "__ansible_unsafe": "/dev/xvda"
                },
                "root_device_type": {
                    "__ansible_unsafe": "ebs"
                },
                "security_groups": [
                    {
                        "group_id": {
                            "__ansible_unsafe": "sg-0c2163e9c4a0f885b"
                        },
                        "group_name": {
                            "__ansible_unsafe": "AmpacimonDMZ"
                        }
                    }
                ],
                "source_dest_check": true,
                "state": {
                    "code": 16,
                    "name": {
                        "__ansible_unsafe": "running"
                    }
                },
                "state_transition_reason": {
                    "__ansible_unsafe": ""
                },
                "subnet_id": {
                    "__ansible_unsafe": "subnet-0c25252cfc432481f"
                },
                "tags": {
                    "Name": {
                        "__ansible_unsafe": "Tunnel IPV6"
                    }
                },
                "usage_operation": {
                    "__ansible_unsafe": "RunInstances"
                },
                "usage_operation_update_time": "2026-05-29T13:40:04+00:00",
                "virtualization_type": {
                    "__ansible_unsafe": "hvm"
                },
                "vpc_id": {
                    "__ansible_unsafe": "vpc-0f41a404a6013f73f"
                }
            },
            "Tunnel Instance": {
                "adr_base_path_linux": "/opt/adr",
                "adr_base_path_windows": "C:\\adr",
                "allowed_network_range": "127.0.0.1/32",
                "ami_launch_index": 0,
                "ansible_become": true,
                "ansible_connection": {
                    "__ansible_unsafe": "ssh"
                },
                "ansible_host": {
                    "__ansible_unsafe": "172.16.13.15"
                },
                "ansible_validate_certs": true,
                "architecture": {
                    "__ansible_unsafe": "x86_64"
                },
                "backend_payara_host": "{{ (groups['backend_servers'] | default([]) | length > 0) | ternary(groups['backend_servers'] | first, 'localhost') }}",
                "block_device_mappings": [
                    {
                        "device_name": {
                            "__ansible_unsafe": "/dev/xvda"
                        },
                        "ebs": {
                            "attach_time": "2022-04-25T14:22:12+00:00",
                            "delete_on_termination": true,
                            "ebs_card_index": 0,
                            "status": {
                                "__ansible_unsafe": "attached"
                            },
                            "volume_id": {
                                "__ansible_unsafe": "vol-0a7fd1d001a3f275a"
                            }
                        }
                    }
                ],
                "capacity_reservation_specification": {
                    "capacity_reservation_preference": {
                        "__ansible_unsafe": "open"
                    }
                },
                "client_token": {
                    "__ansible_unsafe": ""
                },
                "cpu_options": {
                    "core_count": 1,
                    "threads_per_core": 1
                },
                "current_instance_boot_mode": {
                    "__ansible_unsafe": "legacy-bios"
                },
                "customer_name": "customer",
                "ebs_optimized": false,
                "ec2_tags": {
                    "AUTHOR": {
                        "__ansible_unsafe": "MEN"
                    },
                    "Name": {
                        "__ansible_unsafe": "Tunnel Instance"
                    },
                    "PROJECT": {
                        "__ansible_unsafe": "IT-SHARED-PROD"
                    },
                    "TEAM": {
                        "__ansible_unsafe": "RD-LIEGE"
                    },
                    "backup": {
                        "__ansible_unsafe": "yes"
                    }
                },
                "ena_support": true,
                "enclave_options": {
                    "enabled": false
                },
                "hibernation_options": {
                    "configured": false
                },
                "hypervisor": {
                    "__ansible_unsafe": "xen"
                },
                "image_id": {
                    "__ansible_unsafe": "ami-0f9fc25dd2506cf6d"
                },
                "include_release_vars": "vars/releases/4.0.9.yml",
                "instance_id": {
                    "__ansible_unsafe": "i-02d499ed63881a5b3"
                },
                "instance_type": {
                    "__ansible_unsafe": "t2.small"
                },
                "key_name": {
                    "__ansible_unsafe": "AmpacimonDev-US"
                },
                "keycloak_host": "{{ (groups['frontend_servers'] | default([]) | length > 0) | ternary(groups['frontend_servers'] | first, 'localhost') }}",
                "keycloak_service_name_linux": "keycloak",
                "keycloak_symlink_path_linux": "/opt/keycloak",
                "keycloak_symlink_path_windows": "C:\\adr\\keycloak",
                "launch_time": "2022-04-25T14:22:12+00:00",
                "maintenance_options": {
                    "auto_recovery": {
                        "__ansible_unsafe": "default"
                    },
                    "reboot_migration": {
                        "__ansible_unsafe": "default"
                    }
                },
                "metadata_options": {
                    "http_endpoint": {
                        "__ansible_unsafe": "enabled"
                    },
                    "http_protocol_ipv6": {
                        "__ansible_unsafe": "disabled"
                    },
                    "http_put_response_hop_limit": 1,
                    "http_tokens": {
                        "__ansible_unsafe": "optional"
                    },
                    "instance_metadata_tags": {
                        "__ansible_unsafe": "disabled"
                    },
                    "state": {
                        "__ansible_unsafe": "applied"
                    }
                },
                "mongodb_bind_ips": "127.0.0.1",
                "mongodb_host": "{{ (groups['database_servers'] | default([]) | length > 0) | ternary(groups['database_servers'] | first, (groups['backend_servers'] | default([]) | length > 0) | ternary(groups['backend_servers'] | first, 'localhost')) }}",
                "mongodb_service_name_linux": "mongod",
                "mongodb_symlink_path_linux": "/opt/mongodb",
                "monitoring": {
                    "state": {
                        "__ansible_unsafe": "disabled"
                    }
                },
                "network_interfaces": [
                    {
                        "association": {
                            "ip_owner_id": {
                                "__ansible_unsafe": "100972518102"
                            },
                            "public_dns_name": {
                                "__ansible_unsafe": "ec2-3-214-239-236.compute-1.amazonaws.com"
                            },
                            "public_ip": {
                                "__ansible_unsafe": "3.214.239.236"
                            }
                        },
                        "attachment": {
                            "attach_time": "2022-04-25T14:22:12+00:00",
                            "attachment_id": {
                                "__ansible_unsafe": "eni-attach-098256455225c0862"
                            },
                            "delete_on_termination": true,
                            "device_index": 0,
                            "network_card_index": 0,
                            "status": {
                                "__ansible_unsafe": "attached"
                            }
                        },
                        "description": {
                            "__ansible_unsafe": ""
                        },
                        "groups": [
                            {
                                "group_id": {
                                    "__ansible_unsafe": "sg-01fb5aeafdb92913b"
                                },
                                "group_name": {
                                    "__ansible_unsafe": "Bastion/Tunnel"
                                }
                            }
                        ],
                        "interface_type": {
                            "__ansible_unsafe": "interface"
                        },
                        "ipv6_addresses": [],
                        "mac_address": {
                            "__ansible_unsafe": "02:8d:bd:ef:d7:f1"
                        },
                        "network_interface_id": {
                            "__ansible_unsafe": "eni-09abb0ec6bad667f3"
                        },
                        "operator": {
                            "managed": false
                        },
                        "owner_id": {
                            "__ansible_unsafe": "100972518102"
                        },
                        "private_dns_name": {
                            "__ansible_unsafe": "ip-172-16-13-15.ec2.internal"
                        },
                        "private_ip_address": {
                            "__ansible_unsafe": "172.16.13.15"
                        },
                        "private_ip_addresses": [
                            {
                                "association": {
                                    "ip_owner_id": {
                                        "__ansible_unsafe": "100972518102"
                                    },
                                    "public_dns_name": {
                                        "__ansible_unsafe": "ec2-3-214-239-236.compute-1.amazonaws.com"
                                    },
                                    "public_ip": {
                                        "__ansible_unsafe": "3.214.239.236"
                                    }
                                },
                                "primary": true,
                                "private_dns_name": {
                                    "__ansible_unsafe": "ip-172-16-13-15.ec2.internal"
                                },
                                "private_ip_address": {
                                    "__ansible_unsafe": "172.16.13.15"
                                }
                            }
                        ],
                        "source_dest_check": true,
                        "status": {
                            "__ansible_unsafe": "in-use"
                        },
                        "subnet_id": {
                            "__ansible_unsafe": "subnet-01499e5d75d79865c"
                        },
                        "vpc_id": {
                            "__ansible_unsafe": "vpc-04f57002ad84fe31c"
                        }
                    }
                ],
                "network_performance_options": {
                    "bandwidth_weighting": {
                        "__ansible_unsafe": "default"
                    }
                },
                "nginx_service_name_linux": "nginx",
                "nginx_symlink_path_linux": "/opt/nginx",
                "operator": {
                    "hidden_by_default": false,
                    "managed": false
                },
                "owner_id": {
                    "__ansible_unsafe": "100972518102"
                },
                "payara_symlink_path_linux": "/opt/payara",
                "payara_symlink_path_windows": "C:\\adr\\payara",
                "placement": {
                    "availability_zone": {
                        "__ansible_unsafe": "us-east-1a"
                    },
                    "availability_zone_id": {
                        "__ansible_unsafe": "use1-az1"
                    },
                    "group_name": {
                        "__ansible_unsafe": ""
                    },
                    "region": {
                        "__ansible_unsafe": "us-east-1"
                    },
                    "tenancy": {
                        "__ansible_unsafe": "default"
                    }
                },
                "platform_details": {
                    "__ansible_unsafe": "Linux/UNIX"
                },
                "postfix_from_address": "REPLACE_ME_FROM@example.com",
                "postfix_relay_host": "REPLACE_ME_RELAY_IP",
                "postfix_relay_password": "tototototo",
                "postfix_relay_port": "587",
                "postfix_relay_user": "REPLACE_ME_USER",
                "postgresql_admin_user": "adr_superadmin",
                "postgresql_host": "{{ (groups['database_servers'] | default([]) | length > 0) | ternary(groups['database_servers'] | first, (groups['backend_servers'] | default([]) | length > 0) | ternary(groups['backend_servers'] | first, 'localhost')) }}",
                "postgresql_service_name_linux": "postgresql",
                "postgresql_symlink_path_linux": "/opt/postgresql",
                "postgresql_version": "14",
                "private_dns_name": {
                    "__ansible_unsafe": "ip-172-16-13-15.ec2.internal"
                },
                "private_dns_name_options": {
                    "enable_resource_name_dns_a_record": true,
                    "enable_resource_name_dns_aaaa_record": false,
                    "hostname_type": {
                        "__ansible_unsafe": "ip-name"
                    }
                },
                "private_ip_address": {
                    "__ansible_unsafe": "172.16.13.15"
                },
                "product_codes": [],
                "public_dns_name": {
                    "__ansible_unsafe": "ec2-3-214-239-236.compute-1.amazonaws.com"
                },
                "public_ip_address": {
                    "__ansible_unsafe": "3.214.239.236"
                },
                "requester_id": {
                    "__ansible_unsafe": ""
                },
                "reservation_id": {
                    "__ansible_unsafe": "r-0f90febb3ebfdd2ad"
                },
                "root_device_name": {
                    "__ansible_unsafe": "/dev/xvda"
                },
                "root_device_type": {
                    "__ansible_unsafe": "ebs"
                },
                "secondary_interfaces": [],
                "security_groups": [
                    {
                        "group_id": {
                            "__ansible_unsafe": "sg-01fb5aeafdb92913b"
                        },
                        "group_name": {
                            "__ansible_unsafe": "Bastion/Tunnel"
                        }
                    }
                ],
                "source_dest_check": true,
                "state": {
                    "code": 16,
                    "name": {
                        "__ansible_unsafe": "running"
                    }
                },
                "state_transition_reason": {
                    "__ansible_unsafe": ""
                },
                "subnet_id": {
                    "__ansible_unsafe": "subnet-01499e5d75d79865c"
                },
                "tags": {
                    "AUTHOR": {
                        "__ansible_unsafe": "MEN"
                    },
                    "Name": {
                        "__ansible_unsafe": "Tunnel Instance"
                    },
                    "PROJECT": {
                        "__ansible_unsafe": "IT-SHARED-PROD"
                    },
                    "TEAM": {
                        "__ansible_unsafe": "RD-LIEGE"
                    },
                    "backup": {
                        "__ansible_unsafe": "yes"
                    }
                },
                "usage_operation": {
                    "__ansible_unsafe": "RunInstances"
                },
                "usage_operation_update_time": "2022-04-25T14:22:12+00:00",
                "virtualization_type": {
                    "__ansible_unsafe": "hvm"
                },
                "vpc_id": {
                    "__ansible_unsafe": "vpc-04f57002ad84fe31c"
                }
            },
            "Tunnel v6": {
                "adr_base_path_linux": "/opt/adr",
                "adr_base_path_windows": "C:\\adr",
                "allowed_network_range": "127.0.0.1/32",
                "ami_launch_index": 0,
                "ansible_become": true,
                "ansible_connection": {
                    "__ansible_unsafe": "ssh"
                },
                "ansible_host": {
                    "__ansible_unsafe": "172.16.10.121"
                },
                "ansible_validate_certs": true,
                "architecture": {
                    "__ansible_unsafe": "x86_64"
                },
                "backend_payara_host": "{{ (groups['backend_servers'] | default([]) | length > 0) | ternary(groups['backend_servers'] | first, 'localhost') }}",
                "block_device_mappings": [
                    {
                        "device_name": {
                            "__ansible_unsafe": "/dev/xvda"
                        },
                        "ebs": {
                            "attach_time": "2026-06-04T11:29:56+00:00",
                            "delete_on_termination": true,
                            "ebs_card_index": 0,
                            "status": {
                                "__ansible_unsafe": "attached"
                            },
                            "volume_id": {
                                "__ansible_unsafe": "vol-0ba335979d7c17f31"
                            }
                        }
                    }
                ],
                "capacity_reservation_specification": {
                    "capacity_reservation_preference": {
                        "__ansible_unsafe": "open"
                    }
                },
                "client_token": {
                    "__ansible_unsafe": "7a8e0b62-5237-4bf0-ba09-7999dd84d348"
                },
                "cpu_options": {
                    "core_count": 1,
                    "threads_per_core": 2
                },
                "current_instance_boot_mode": {
                    "__ansible_unsafe": "legacy-bios"
                },
                "customer_name": "customer",
                "ebs_optimized": true,
                "ec2_tags": {
                    "AUTHOR": {
                        "__ansible_unsafe": "SCH"
                    },
                    "Name": {
                        "__ansible_unsafe": "Tunnel v6"
                    }
                },
                "ena_support": true,
                "enclave_options": {
                    "enabled": false
                },
                "hibernation_options": {
                    "configured": false
                },
                "hypervisor": {
                    "__ansible_unsafe": "xen"
                },
                "image_id": {
                    "__ansible_unsafe": "ami-0b75f821522bcff85"
                },
                "include_release_vars": "vars/releases/4.0.9.yml",
                "instance_id": {
                    "__ansible_unsafe": "i-0f10d213a257821cb"
                },
                "instance_type": {
                    "__ansible_unsafe": "t3.micro"
                },
                "key_name": {
                    "__ansible_unsafe": "AmpacimonDev-US2025"
                },
                "keycloak_host": "{{ (groups['frontend_servers'] | default([]) | length > 0) | ternary(groups['frontend_servers'] | first, 'localhost') }}",
                "keycloak_service_name_linux": "keycloak",
                "keycloak_symlink_path_linux": "/opt/keycloak",
                "keycloak_symlink_path_windows": "C:\\adr\\keycloak",
                "launch_time": "2026-06-04T11:29:55+00:00",
                "maintenance_options": {
                    "auto_recovery": {
                        "__ansible_unsafe": "default"
                    },
                    "reboot_migration": {
                        "__ansible_unsafe": "default"
                    }
                },
                "metadata_options": {
                    "http_endpoint": {
                        "__ansible_unsafe": "enabled"
                    },
                    "http_protocol_ipv6": {
                        "__ansible_unsafe": "disabled"
                    },
                    "http_put_response_hop_limit": 2,
                    "http_tokens": {
                        "__ansible_unsafe": "required"
                    },
                    "instance_metadata_tags": {
                        "__ansible_unsafe": "disabled"
                    },
                    "state": {
                        "__ansible_unsafe": "applied"
                    }
                },
                "mongodb_bind_ips": "127.0.0.1",
                "mongodb_host": "{{ (groups['database_servers'] | default([]) | length > 0) | ternary(groups['database_servers'] | first, (groups['backend_servers'] | default([]) | length > 0) | ternary(groups['backend_servers'] | first, 'localhost')) }}",
                "mongodb_service_name_linux": "mongod",
                "mongodb_symlink_path_linux": "/opt/mongodb",
                "monitoring": {
                    "state": {
                        "__ansible_unsafe": "disabled"
                    }
                },
                "network_interfaces": [
                    {
                        "association": {
                            "ip_owner_id": {
                                "__ansible_unsafe": "amazon"
                            },
                            "public_dns_name": {
                                "__ansible_unsafe": "ec2-3-228-11-185.compute-1.amazonaws.com"
                            },
                            "public_ip": {
                                "__ansible_unsafe": "3.228.11.185"
                            }
                        },
                        "attachment": {
                            "attach_time": "2026-06-04T11:29:55+00:00",
                            "attachment_id": {
                                "__ansible_unsafe": "eni-attach-01f0365b6ad18aacb"
                            },
                            "delete_on_termination": true,
                            "device_index": 0,
                            "network_card_index": 0,
                            "status": {
                                "__ansible_unsafe": "attached"
                            }
                        },
                        "description": {
                            "__ansible_unsafe": ""
                        },
                        "groups": [
                            {
                                "group_id": {
                                    "__ansible_unsafe": "sg-01fb5aeafdb92913b"
                                },
                                "group_name": {
                                    "__ansible_unsafe": "Bastion/Tunnel"
                                }
                            }
                        ],
                        "interface_type": {
                            "__ansible_unsafe": "interface"
                        },
                        "ipv6_addresses": [],
                        "mac_address": {
                            "__ansible_unsafe": "02:e3:f3:88:0f:89"
                        },
                        "network_interface_id": {
                            "__ansible_unsafe": "eni-04275d7cfd6cfa052"
                        },
                        "operator": {
                            "managed": false
                        },
                        "owner_id": {
                            "__ansible_unsafe": "100972518102"
                        },
                        "private_dns_name": {
                            "__ansible_unsafe": "ip-172-16-10-121.ec2.internal"
                        },
                        "private_ip_address": {
                            "__ansible_unsafe": "172.16.10.121"
                        },
                        "private_ip_addresses": [
                            {
                                "association": {
                                    "ip_owner_id": {
                                        "__ansible_unsafe": "amazon"
                                    },
                                    "public_dns_name": {
                                        "__ansible_unsafe": "ec2-3-228-11-185.compute-1.amazonaws.com"
                                    },
                                    "public_ip": {
                                        "__ansible_unsafe": "3.228.11.185"
                                    }
                                },
                                "primary": true,
                                "private_dns_name": {
                                    "__ansible_unsafe": "ip-172-16-10-121.ec2.internal"
                                },
                                "private_ip_address": {
                                    "__ansible_unsafe": "172.16.10.121"
                                }
                            }
                        ],
                        "source_dest_check": true,
                        "status": {
                            "__ansible_unsafe": "in-use"
                        },
                        "subnet_id": {
                            "__ansible_unsafe": "subnet-00803a594e45eccea"
                        },
                        "vpc_id": {
                            "__ansible_unsafe": "vpc-04f57002ad84fe31c"
                        }
                    }
                ],
                "network_performance_options": {
                    "bandwidth_weighting": {
                        "__ansible_unsafe": "default"
                    }
                },
                "nginx_service_name_linux": "nginx",
                "nginx_symlink_path_linux": "/opt/nginx",
                "operator": {
                    "hidden_by_default": false,
                    "managed": false
                },
                "owner_id": {
                    "__ansible_unsafe": "100972518102"
                },
                "payara_symlink_path_linux": "/opt/payara",
                "payara_symlink_path_windows": "C:\\adr\\payara",
                "placement": {
                    "availability_zone": {
                        "__ansible_unsafe": "us-east-1a"
                    },
                    "availability_zone_id": {
                        "__ansible_unsafe": "use1-az1"
                    },
                    "group_name": {
                        "__ansible_unsafe": ""
                    },
                    "region": {
                        "__ansible_unsafe": "us-east-1"
                    },
                    "tenancy": {
                        "__ansible_unsafe": "default"
                    }
                },
                "platform_details": {
                    "__ansible_unsafe": "Linux/UNIX"
                },
                "postfix_from_address": "REPLACE_ME_FROM@example.com",
                "postfix_relay_host": "REPLACE_ME_RELAY_IP",
                "postfix_relay_password": "tototototo",
                "postfix_relay_port": "587",
                "postfix_relay_user": "REPLACE_ME_USER",
                "postgresql_admin_user": "adr_superadmin",
                "postgresql_host": "{{ (groups['database_servers'] | default([]) | length > 0) | ternary(groups['database_servers'] | first, (groups['backend_servers'] | default([]) | length > 0) | ternary(groups['backend_servers'] | first, 'localhost')) }}",
                "postgresql_service_name_linux": "postgresql",
                "postgresql_symlink_path_linux": "/opt/postgresql",
                "postgresql_version": "14",
                "private_dns_name": {
                    "__ansible_unsafe": "ip-172-16-10-121.ec2.internal"
                },
                "private_dns_name_options": {
                    "enable_resource_name_dns_a_record": false,
                    "enable_resource_name_dns_aaaa_record": false,
                    "hostname_type": {
                        "__ansible_unsafe": "ip-name"
                    }
                },
                "private_ip_address": {
                    "__ansible_unsafe": "172.16.10.121"
                },
                "product_codes": [],
                "public_dns_name": {
                    "__ansible_unsafe": "ec2-3-228-11-185.compute-1.amazonaws.com"
                },
                "public_ip_address": {
                    "__ansible_unsafe": "3.228.11.185"
                },
                "requester_id": {
                    "__ansible_unsafe": ""
                },
                "reservation_id": {
                    "__ansible_unsafe": "r-08b4d21e391f36f38"
                },
                "root_device_name": {
                    "__ansible_unsafe": "/dev/xvda"
                },
                "root_device_type": {
                    "__ansible_unsafe": "ebs"
                },
                "secondary_interfaces": [],
                "security_groups": [
                    {
                        "group_id": {
                            "__ansible_unsafe": "sg-01fb5aeafdb92913b"
                        },
                        "group_name": {
                            "__ansible_unsafe": "Bastion/Tunnel"
                        }
                    }
                ],
                "source_dest_check": true,
                "state": {
                    "code": 16,
                    "name": {
                        "__ansible_unsafe": "running"
                    }
                },
                "state_transition_reason": {
                    "__ansible_unsafe": ""
                },
                "subnet_id": {
                    "__ansible_unsafe": "subnet-00803a594e45eccea"
                },
                "tags": {
                    "AUTHOR": {
                        "__ansible_unsafe": "SCH"
                    },
                    "Name": {
                        "__ansible_unsafe": "Tunnel v6"
                    }
                },
                "usage_operation": {
                    "__ansible_unsafe": "RunInstances"
                },
                "usage_operation_update_time": "2026-06-04T11:29:55+00:00",
                "virtualization_type": {
                    "__ansible_unsafe": "hvm"
                },
                "vpc_id": {
                    "__ansible_unsafe": "vpc-04f57002ad84fe31c"
                }
            },
            "Zabbix Proxy": {
                "adr_base_path_linux": "/opt/adr",
                "adr_base_path_windows": "C:\\adr",
                "allowed_network_range": "127.0.0.1/32",
                "ami_launch_index": 0,
                "ansible_become": true,
                "ansible_connection": {
                    "__ansible_unsafe": "ssh"
                },
                "ansible_host": {
                    "__ansible_unsafe": "192.168.13.85"
                },
                "ansible_validate_certs": true,
                "architecture": {
                    "__ansible_unsafe": "x86_64"
                },
                "backend_payara_host": "{{ (groups['backend_servers'] | default([]) | length > 0) | ternary(groups['backend_servers'] | first, 'localhost') }}",
                "block_device_mappings": [
                    {
                        "device_name": {
                            "__ansible_unsafe": "/dev/xvda"
                        },
                        "ebs": {
                            "attach_time": "2025-08-29T08:20:00+00:00",
                            "delete_on_termination": false,
                            "ebs_card_index": 0,
                            "status": {
                                "__ansible_unsafe": "attached"
                            },
                            "volume_id": {
                                "__ansible_unsafe": "vol-001b649028c1f7593"
                            }
                        }
                    }
                ],
                "capacity_reservation_specification": {
                    "capacity_reservation_preference": {
                        "__ansible_unsafe": "open"
                    }
                },
                "client_token": {
                    "__ansible_unsafe": "71e5af9b-fe10-9532-e6c6-7657a6fbfbc5"
                },
                "cpu_options": {
                    "core_count": 1,
                    "threads_per_core": 2
                },
                "current_instance_boot_mode": {
                    "__ansible_unsafe": "legacy-bios"
                },
                "customer_name": "customer",
                "ebs_optimized": true,
                "ec2_tags": {
                    "AUTHOR": {
                        "__ansible_unsafe": "ADE"
                    },
                    "CreatedBy": {
                        "__ansible_unsafe": "CloudFormation template"
                    },
                    "Name": {
                        "__ansible_unsafe": "Zabbix Proxy"
                    },
                    "PROJECT": {
                        "__ansible_unsafe": "RD-BE-ADR-DEV"
                    },
                    "TEAM": {
                        "__ansible_unsafe": "RD-LIEGE"
                    },
                    "aws:cloudformation:logical-id": {
                        "__ansible_unsafe": "InstanceZabbix"
                    },
                    "aws:cloudformation:stack-id": {
                        "__ansible_unsafe": "arn:aws:cloudformation:eu-central-1:100972518102:stack/ADE-VPC-test/94eb2440-833c-11f0-b94d-0a8e2cd48d93"
                    },
                    "aws:cloudformation:stack-name": {
                        "__ansible_unsafe": "ADE-VPC-test"
                    }
                },
                "ena_support": true,
                "enclave_options": {
                    "enabled": false
                },
                "hibernation_options": {
                    "configured": false
                },
                "hypervisor": {
                    "__ansible_unsafe": "xen"
                },
                "image_id": {
                    "__ansible_unsafe": "ami-0ef32de3e8ab0640e"
                },
                "include_release_vars": "vars/releases/4.0.9.yml",
                "instance_id": {
                    "__ansible_unsafe": "i-007eee5b3c54f3cfa"
                },
                "instance_type": {
                    "__ansible_unsafe": "t3a.small"
                },
                "key_name": {
                    "__ansible_unsafe": "Ampacimon-2024"
                },
                "keycloak_host": "{{ (groups['frontend_servers'] | default([]) | length > 0) | ternary(groups['frontend_servers'] | first, 'localhost') }}",
                "keycloak_service_name_linux": "keycloak",
                "keycloak_symlink_path_linux": "/opt/keycloak",
                "keycloak_symlink_path_windows": "C:\\adr\\keycloak",
                "launch_time": "2025-08-29T08:19:59+00:00",
                "maintenance_options": {
                    "auto_recovery": {
                        "__ansible_unsafe": "default"
                    },
                    "reboot_migration": {
                        "__ansible_unsafe": "default"
                    }
                },
                "metadata_options": {
                    "http_endpoint": {
                        "__ansible_unsafe": "enabled"
                    },
                    "http_protocol_ipv6": {
                        "__ansible_unsafe": "disabled"
                    },
                    "http_put_response_hop_limit": 1,
                    "http_tokens": {
                        "__ansible_unsafe": "optional"
                    },
                    "instance_metadata_tags": {
                        "__ansible_unsafe": "disabled"
                    },
                    "state": {
                        "__ansible_unsafe": "applied"
                    }
                },
                "mongodb_bind_ips": "127.0.0.1",
                "mongodb_host": "{{ (groups['database_servers'] | default([]) | length > 0) | ternary(groups['database_servers'] | first, (groups['backend_servers'] | default([]) | length > 0) | ternary(groups['backend_servers'] | first, 'localhost')) }}",
                "mongodb_service_name_linux": "mongod",
                "mongodb_symlink_path_linux": "/opt/mongodb",
                "monitoring": {
                    "state": {
                        "__ansible_unsafe": "disabled"
                    }
                },
                "network_interfaces": [
                    {
                        "association": {
                            "ip_owner_id": {
                                "__ansible_unsafe": "100972518102"
                            },
                            "public_dns_name": {
                                "__ansible_unsafe": "ec2-18-198-77-231.eu-central-1.compute.amazonaws.com"
                            },
                            "public_ip": {
                                "__ansible_unsafe": "18.198.77.231"
                            }
                        },
                        "attachment": {
                            "attach_time": "2025-08-29T08:19:59+00:00",
                            "attachment_id": {
                                "__ansible_unsafe": "eni-attach-0486962148b9b2f2b"
                            },
                            "delete_on_termination": true,
                            "device_index": 0,
                            "network_card_index": 0,
                            "status": {
                                "__ansible_unsafe": "attached"
                            }
                        },
                        "description": {
                            "__ansible_unsafe": "Zabbix Proxy Network interface"
                        },
                        "groups": [
                            {
                                "group_id": {
                                    "__ansible_unsafe": "sg-0b34e27942be241e3"
                                },
                                "group_name": {
                                    "__ansible_unsafe": "sg_public_prod"
                                }
                            }
                        ],
                        "interface_type": {
                            "__ansible_unsafe": "interface"
                        },
                        "ipv6_addresses": [],
                        "mac_address": {
                            "__ansible_unsafe": "02:4b:6d:0d:43:cf"
                        },
                        "network_interface_id": {
                            "__ansible_unsafe": "eni-07cc619de74594b0d"
                        },
                        "operator": {
                            "managed": false
                        },
                        "owner_id": {
                            "__ansible_unsafe": "100972518102"
                        },
                        "private_dns_name": {
                            "__ansible_unsafe": "ip-192-168-13-85.eu-central-1.compute.internal"
                        },
                        "private_ip_address": {
                            "__ansible_unsafe": "192.168.13.85"
                        },
                        "private_ip_addresses": [
                            {
                                "association": {
                                    "ip_owner_id": {
                                        "__ansible_unsafe": "100972518102"
                                    },
                                    "public_dns_name": {
                                        "__ansible_unsafe": "ec2-18-198-77-231.eu-central-1.compute.amazonaws.com"
                                    },
                                    "public_ip": {
                                        "__ansible_unsafe": "18.198.77.231"
                                    }
                                },
                                "primary": true,
                                "private_dns_name": {
                                    "__ansible_unsafe": "ip-192-168-13-85.eu-central-1.compute.internal"
                                },
                                "private_ip_address": {
                                    "__ansible_unsafe": "192.168.13.85"
                                }
                            }
                        ],
                        "source_dest_check": true,
                        "status": {
                            "__ansible_unsafe": "in-use"
                        },
                        "subnet_id": {
                            "__ansible_unsafe": "subnet-07ae659fb68c37770"
                        },
                        "vpc_id": {
                            "__ansible_unsafe": "vpc-0e7dc5b696c33a7a5"
                        }
                    }
                ],
                "network_performance_options": {
                    "bandwidth_weighting": {
                        "__ansible_unsafe": "default"
                    }
                },
                "nginx_service_name_linux": "nginx",
                "nginx_symlink_path_linux": "/opt/nginx",
                "operator": {
                    "hidden_by_default": false,
                    "managed": false
                },
                "owner_id": {
                    "__ansible_unsafe": "100972518102"
                },
                "payara_symlink_path_linux": "/opt/payara",
                "payara_symlink_path_windows": "C:\\adr\\payara",
                "placement": {
                    "availability_zone": {
                        "__ansible_unsafe": "eu-central-1a"
                    },
                    "availability_zone_id": {
                        "__ansible_unsafe": "euc1-az2"
                    },
                    "group_name": {
                        "__ansible_unsafe": ""
                    },
                    "region": {
                        "__ansible_unsafe": "eu-central-1"
                    },
                    "tenancy": {
                        "__ansible_unsafe": "default"
                    }
                },
                "platform_details": {
                    "__ansible_unsafe": "Linux/UNIX"
                },
                "postfix_from_address": "REPLACE_ME_FROM@example.com",
                "postfix_relay_host": "REPLACE_ME_RELAY_IP",
                "postfix_relay_password": "tototototo",
                "postfix_relay_port": "587",
                "postfix_relay_user": "REPLACE_ME_USER",
                "postgresql_admin_user": "adr_superadmin",
                "postgresql_host": "{{ (groups['database_servers'] | default([]) | length > 0) | ternary(groups['database_servers'] | first, (groups['backend_servers'] | default([]) | length > 0) | ternary(groups['backend_servers'] | first, 'localhost')) }}",
                "postgresql_service_name_linux": "postgresql",
                "postgresql_symlink_path_linux": "/opt/postgresql",
                "postgresql_version": "14",
                "private_dns_name": {
                    "__ansible_unsafe": "ip-192-168-13-85.eu-central-1.compute.internal"
                },
                "private_dns_name_options": {
                    "enable_resource_name_dns_a_record": false,
                    "enable_resource_name_dns_aaaa_record": false,
                    "hostname_type": {
                        "__ansible_unsafe": "ip-name"
                    }
                },
                "private_ip_address": {
                    "__ansible_unsafe": "192.168.13.85"
                },
                "product_codes": [],
                "public_dns_name": {
                    "__ansible_unsafe": "ec2-18-198-77-231.eu-central-1.compute.amazonaws.com"
                },
                "public_ip_address": {
                    "__ansible_unsafe": "18.198.77.231"
                },
                "requester_id": {
                    "__ansible_unsafe": "119857478548"
                },
                "reservation_id": {
                    "__ansible_unsafe": "r-036cd0bca0f6c6ab2"
                },
                "root_device_name": {
                    "__ansible_unsafe": "/dev/xvda"
                },
                "root_device_type": {
                    "__ansible_unsafe": "ebs"
                },
                "security_groups": [
                    {
                        "group_id": {
                            "__ansible_unsafe": "sg-0b34e27942be241e3"
                        },
                        "group_name": {
                            "__ansible_unsafe": "sg_public_prod"
                        }
                    }
                ],
                "source_dest_check": true,
                "state": {
                    "code": 16,
                    "name": {
                        "__ansible_unsafe": "running"
                    }
                },
                "state_transition_reason": {
                    "__ansible_unsafe": ""
                },
                "subnet_id": {
                    "__ansible_unsafe": "subnet-07ae659fb68c37770"
                },
                "tags": {
                    "AUTHOR": {
                        "__ansible_unsafe": "ADE"
                    },
                    "CreatedBy": {
                        "__ansible_unsafe": "CloudFormation template"
                    },
                    "Name": {
                        "__ansible_unsafe": "Zabbix Proxy"
                    },
                    "PROJECT": {
                        "__ansible_unsafe": "RD-BE-ADR-DEV"
                    },
                    "TEAM": {
                        "__ansible_unsafe": "RD-LIEGE"
                    },
                    "aws:cloudformation:logical-id": {
                        "__ansible_unsafe": "InstanceZabbix"
                    },
                    "aws:cloudformation:stack-id": {
                        "__ansible_unsafe": "arn:aws:cloudformation:eu-central-1:100972518102:stack/ADE-VPC-test/94eb2440-833c-11f0-b94d-0a8e2cd48d93"
                    },
                    "aws:cloudformation:stack-name": {
                        "__ansible_unsafe": "ADE-VPC-test"
                    }
                },
                "usage_operation": {
                    "__ansible_unsafe": "RunInstances"
                },
                "usage_operation_update_time": "2025-08-29T08:19:59+00:00",
                "virtualization_type": {
                    "__ansible_unsafe": "hvm"
                },
                "vpc_id": {
                    "__ansible_unsafe": "vpc-0e7dc5b696c33a7a5"
                }
            },
            "z_winadr-a": {
                "adr_base_path_linux": "/opt/adr",
                "adr_base_path_windows": "C:\\adr",
                "allowed_network_range": "127.0.0.1/32",
                "ami_launch_index": 0,
                "ansible_become": false,
                "ansible_connection": {
                    "__ansible_unsafe": "winrm"
                },
                "ansible_host": {
                    "__ansible_unsafe": "172.16.10.93"
                },
                "ansible_validate_certs": true,
                "ansible_winrm_server_cert_validation": {
                    "__ansible_unsafe": "ignore"
                },
                "architecture": {
                    "__ansible_unsafe": "x86_64"
                },
                "backend_payara_host": "{{ (groups['backend_servers'] | default([]) | length > 0) | ternary(groups['backend_servers'] | first, 'localhost') }}",
                "block_device_mappings": [
                    {
                        "device_name": {
                            "__ansible_unsafe": "/dev/sda1"
                        },
                        "ebs": {
                            "attach_time": "2023-10-05T13:16:47+00:00",
                            "delete_on_termination": true,
                            "ebs_card_index": 0,
                            "status": {
                                "__ansible_unsafe": "attached"
                            },
                            "volume_id": {
                                "__ansible_unsafe": "vol-06620660c1723d81e"
                            }
                        }
                    }
                ],
                "capacity_reservation_specification": {
                    "capacity_reservation_preference": {
                        "__ansible_unsafe": "open"
                    }
                },
                "client_token": {
                    "__ansible_unsafe": "2807ed8f-8f8a-4a6d-9e40-b9899f2c45e1"
                },
                "cpu_options": {
                    "core_count": 2,
                    "threads_per_core": 2
                },
                "current_instance_boot_mode": {
                    "__ansible_unsafe": "legacy-bios"
                },
                "customer_name": "customer",
                "ebs_optimized": true,
                "ec2_tags": {
                    "AUTHOR": {
                        "__ansible_unsafe": "FKH"
                    },
                    "BACKUP": {
                        "__ansible_unsafe": ""
                    },
                    "Name": {
                        "__ansible_unsafe": "z_winadr-a"
                    },
                    "PROJECT": {
                        "__ansible_unsafe": "SDT-US-ADR-DEV"
                    },
                    "TEAM": {
                        "__ansible_unsafe": "SDT"
                    }
                },
                "ena_support": true,
                "enclave_options": {
                    "enabled": false
                },
                "hibernation_options": {
                    "configured": false
                },
                "hypervisor": {
                    "__ansible_unsafe": "xen"
                },
                "image_id": {
                    "__ansible_unsafe": "ami-0be0e902919675894"
                },
                "include_release_vars": "vars/releases/4.0.9.yml",
                "instance_id": {
                    "__ansible_unsafe": "i-0ee5dd6e807fe53f9"
                },
                "instance_type": {
                    "__ansible_unsafe": "t3a.xlarge"
                },
                "key_name": {
                    "__ansible_unsafe": "AmpacimonDev-US"
                },
                "keycloak_host": "{{ (groups['frontend_servers'] | default([]) | length > 0) | ternary(groups['frontend_servers'] | first, 'localhost') }}",
                "keycloak_service_name_linux": "keycloak",
                "keycloak_symlink_path_linux": "/opt/keycloak",
                "keycloak_symlink_path_windows": "C:\\adr\\keycloak",
                "launch_time": "2026-06-24T17:58:56+00:00",
                "maintenance_options": {
                    "auto_recovery": {
                        "__ansible_unsafe": "default"
                    },
                    "reboot_migration": {
                        "__ansible_unsafe": "default"
                    }
                },
                "metadata_options": {
                    "http_endpoint": {
                        "__ansible_unsafe": "enabled"
                    },
                    "http_protocol_ipv6": {
                        "__ansible_unsafe": "disabled"
                    },
                    "http_put_response_hop_limit": 1,
                    "http_tokens": {
                        "__ansible_unsafe": "optional"
                    },
                    "instance_metadata_tags": {
                        "__ansible_unsafe": "disabled"
                    },
                    "state": {
                        "__ansible_unsafe": "applied"
                    }
                },
                "mongodb_bind_ips": "127.0.0.1",
                "mongodb_host": "{{ (groups['database_servers'] | default([]) | length > 0) | ternary(groups['database_servers'] | first, (groups['backend_servers'] | default([]) | length > 0) | ternary(groups['backend_servers'] | first, 'localhost')) }}",
                "mongodb_service_name_linux": "mongod",
                "mongodb_symlink_path_linux": "/opt/mongodb",
                "monitoring": {
                    "state": {
                        "__ansible_unsafe": "disabled"
                    }
                },
                "network_interfaces": [
                    {
                        "attachment": {
                            "attach_time": "2023-10-05T13:16:46+00:00",
                            "attachment_id": {
                                "__ansible_unsafe": "eni-attach-0f32c956d455bf694"
                            },
                            "delete_on_termination": true,
                            "device_index": 0,
                            "network_card_index": 0,
                            "status": {
                                "__ansible_unsafe": "attached"
                            }
                        },
                        "description": {
                            "__ansible_unsafe": ""
                        },
                        "groups": [
                            {
                                "group_id": {
                                    "__ansible_unsafe": "sg-01e2242f0c93bfec3"
                                },
                                "group_name": {
                                    "__ansible_unsafe": "ADR-Install-new"
                                }
                            }
                        ],
                        "interface_type": {
                            "__ansible_unsafe": "interface"
                        },
                        "ipv6_addresses": [],
                        "mac_address": {
                            "__ansible_unsafe": "02:7c:94:27:a9:0d"
                        },
                        "network_interface_id": {
                            "__ansible_unsafe": "eni-0066079bbba8bb093"
                        },
                        "operator": {
                            "managed": false
                        },
                        "owner_id": {
                            "__ansible_unsafe": "100972518102"
                        },
                        "private_dns_name": {
                            "__ansible_unsafe": "ip-172-16-10-93.ec2.internal"
                        },
                        "private_ip_address": {
                            "__ansible_unsafe": "172.16.10.93"
                        },
                        "private_ip_addresses": [
                            {
                                "primary": true,
                                "private_dns_name": {
                                    "__ansible_unsafe": "ip-172-16-10-93.ec2.internal"
                                },
                                "private_ip_address": {
                                    "__ansible_unsafe": "172.16.10.93"
                                }
                            }
                        ],
                        "source_dest_check": true,
                        "status": {
                            "__ansible_unsafe": "in-use"
                        },
                        "subnet_id": {
                            "__ansible_unsafe": "subnet-00803a594e45eccea"
                        },
                        "vpc_id": {
                            "__ansible_unsafe": "vpc-04f57002ad84fe31c"
                        }
                    }
                ],
                "network_performance_options": {
                    "bandwidth_weighting": {
                        "__ansible_unsafe": "default"
                    }
                },
                "nginx_service_name_linux": "nginx",
                "nginx_symlink_path_linux": "/opt/nginx",
                "operator": {
                    "hidden_by_default": false,
                    "managed": false
                },
                "owner_id": {
                    "__ansible_unsafe": "100972518102"
                },
                "payara_symlink_path_linux": "/opt/payara",
                "payara_symlink_path_windows": "C:\\adr\\payara",
                "placement": {
                    "availability_zone": {
                        "__ansible_unsafe": "us-east-1a"
                    },
                    "availability_zone_id": {
                        "__ansible_unsafe": "use1-az1"
                    },
                    "group_name": {
                        "__ansible_unsafe": ""
                    },
                    "region": {
                        "__ansible_unsafe": "us-east-1"
                    },
                    "tenancy": {
                        "__ansible_unsafe": "default"
                    }
                },
                "platform": {
                    "__ansible_unsafe": "windows"
                },
                "platform_details": {
                    "__ansible_unsafe": "Windows"
                },
                "postfix_from_address": "REPLACE_ME_FROM@example.com",
                "postfix_relay_host": "REPLACE_ME_RELAY_IP",
                "postfix_relay_password": "tototototo",
                "postfix_relay_port": "587",
                "postfix_relay_user": "REPLACE_ME_USER",
                "postgresql_admin_user": "adr_superadmin",
                "postgresql_host": "{{ (groups['database_servers'] | default([]) | length > 0) | ternary(groups['database_servers'] | first, (groups['backend_servers'] | default([]) | length > 0) | ternary(groups['backend_servers'] | first, 'localhost')) }}",
                "postgresql_service_name_linux": "postgresql",
                "postgresql_symlink_path_linux": "/opt/postgresql",
                "postgresql_version": "14",
                "private_dns_name": {
                    "__ansible_unsafe": "ip-172-16-10-93.ec2.internal"
                },
                "private_dns_name_options": {
                    "enable_resource_name_dns_a_record": false,
                    "enable_resource_name_dns_aaaa_record": false,
                    "hostname_type": {
                        "__ansible_unsafe": "ip-name"
                    }
                },
                "private_ip_address": {
                    "__ansible_unsafe": "172.16.10.93"
                },
                "product_codes": [],
                "public_dns_name": {
                    "__ansible_unsafe": ""
                },
                "requester_id": {
                    "__ansible_unsafe": ""
                },
                "reservation_id": {
                    "__ansible_unsafe": "r-0fc411143a7748004"
                },
                "root_device_name": {
                    "__ansible_unsafe": "/dev/sda1"
                },
                "root_device_type": {
                    "__ansible_unsafe": "ebs"
                },
                "secondary_interfaces": [],
                "security_groups": [
                    {
                        "group_id": {
                            "__ansible_unsafe": "sg-01e2242f0c93bfec3"
                        },
                        "group_name": {
                            "__ansible_unsafe": "ADR-Install-new"
                        }
                    }
                ],
                "source_dest_check": true,
                "state": {
                    "code": 16,
                    "name": {
                        "__ansible_unsafe": "running"
                    }
                },
                "state_transition_reason": {
                    "__ansible_unsafe": ""
                },
                "subnet_id": {
                    "__ansible_unsafe": "subnet-00803a594e45eccea"
                },
                "tags": {
                    "AUTHOR": {
                        "__ansible_unsafe": "FKH"
                    },
                    "BACKUP": {
                        "__ansible_unsafe": ""
                    },
                    "Name": {
                        "__ansible_unsafe": "z_winadr-a"
                    },
                    "PROJECT": {
                        "__ansible_unsafe": "SDT-US-ADR-DEV"
                    },
                    "TEAM": {
                        "__ansible_unsafe": "SDT"
                    }
                },
                "usage_operation": {
                    "__ansible_unsafe": "RunInstances:0002"
                },
                "usage_operation_update_time": "2023-10-05T13:16:46+00:00",
                "virtualization_type": {
                    "__ansible_unsafe": "hvm"
                },
                "vpc_id": {
                    "__ansible_unsafe": "vpc-04f57002ad84fe31c"
                }
            },
            "z_winadr-a-DB": {
                "adr_base_path_linux": "/opt/adr",
                "adr_base_path_windows": "C:\\adr",
                "allowed_network_range": "127.0.0.1/32",
                "ami_launch_index": 2,
                "ansible_become": false,
                "ansible_connection": {
                    "__ansible_unsafe": "winrm"
                },
                "ansible_host": {
                    "__ansible_unsafe": "172.16.10.57"
                },
                "ansible_validate_certs": true,
                "ansible_winrm_server_cert_validation": {
                    "__ansible_unsafe": "ignore"
                },
                "architecture": {
                    "__ansible_unsafe": "x86_64"
                },
                "backend_payara_host": "{{ (groups['backend_servers'] | default([]) | length > 0) | ternary(groups['backend_servers'] | first, 'localhost') }}",
                "block_device_mappings": [
                    {
                        "device_name": {
                            "__ansible_unsafe": "/dev/sda1"
                        },
                        "ebs": {
                            "attach_time": "2023-10-05T13:16:47+00:00",
                            "delete_on_termination": true,
                            "ebs_card_index": 0,
                            "status": {
                                "__ansible_unsafe": "attached"
                            },
                            "volume_id": {
                                "__ansible_unsafe": "vol-0a91f15178b566e4e"
                            }
                        }
                    }
                ],
                "capacity_reservation_specification": {
                    "capacity_reservation_preference": {
                        "__ansible_unsafe": "open"
                    }
                },
                "client_token": {
                    "__ansible_unsafe": "2807ed8f-8f8a-4a6d-9e40-b9899f2c45e1"
                },
                "cpu_options": {
                    "core_count": 2,
                    "threads_per_core": 2
                },
                "current_instance_boot_mode": {
                    "__ansible_unsafe": "legacy-bios"
                },
                "customer_name": "customer",
                "ebs_optimized": true,
                "ec2_tags": {
                    "AUTHOR": {
                        "__ansible_unsafe": "FKH"
                    },
                    "BACKUP": {
                        "__ansible_unsafe": ""
                    },
                    "Name": {
                        "__ansible_unsafe": "z_winadr-a-DB"
                    },
                    "PROJECT": {
                        "__ansible_unsafe": "SDT-US-ADR-DEV"
                    },
                    "TEAM": {
                        "__ansible_unsafe": "SDT"
                    }
                },
                "ena_support": true,
                "enclave_options": {
                    "enabled": false
                },
                "hibernation_options": {
                    "configured": false
                },
                "hypervisor": {
                    "__ansible_unsafe": "xen"
                },
                "image_id": {
                    "__ansible_unsafe": "ami-0be0e902919675894"
                },
                "include_release_vars": "vars/releases/4.0.9.yml",
                "instance_id": {
                    "__ansible_unsafe": "i-0374dae7ed0b7f78d"
                },
                "instance_type": {
                    "__ansible_unsafe": "t3a.xlarge"
                },
                "key_name": {
                    "__ansible_unsafe": "AmpacimonDev-US"
                },
                "keycloak_host": "{{ (groups['frontend_servers'] | default([]) | length > 0) | ternary(groups['frontend_servers'] | first, 'localhost') }}",
                "keycloak_service_name_linux": "keycloak",
                "keycloak_symlink_path_linux": "/opt/keycloak",
                "keycloak_symlink_path_windows": "C:\\adr\\keycloak",
                "launch_time": "2026-06-24T17:58:56+00:00",
                "maintenance_options": {
                    "auto_recovery": {
                        "__ansible_unsafe": "default"
                    },
                    "reboot_migration": {
                        "__ansible_unsafe": "default"
                    }
                },
                "metadata_options": {
                    "http_endpoint": {
                        "__ansible_unsafe": "enabled"
                    },
                    "http_protocol_ipv6": {
                        "__ansible_unsafe": "disabled"
                    },
                    "http_put_response_hop_limit": 1,
                    "http_tokens": {
                        "__ansible_unsafe": "optional"
                    },
                    "instance_metadata_tags": {
                        "__ansible_unsafe": "disabled"
                    },
                    "state": {
                        "__ansible_unsafe": "applied"
                    }
                },
                "mongodb_bind_ips": "127.0.0.1",
                "mongodb_host": "{{ (groups['database_servers'] | default([]) | length > 0) | ternary(groups['database_servers'] | first, (groups['backend_servers'] | default([]) | length > 0) | ternary(groups['backend_servers'] | first, 'localhost')) }}",
                "mongodb_service_name_linux": "mongod",
                "mongodb_symlink_path_linux": "/opt/mongodb",
                "monitoring": {
                    "state": {
                        "__ansible_unsafe": "disabled"
                    }
                },
                "network_interfaces": [
                    {
                        "attachment": {
                            "attach_time": "2023-10-05T13:16:46+00:00",
                            "attachment_id": {
                                "__ansible_unsafe": "eni-attach-0771b12a633e49c06"
                            },
                            "delete_on_termination": true,
                            "device_index": 0,
                            "network_card_index": 0,
                            "status": {
                                "__ansible_unsafe": "attached"
                            }
                        },
                        "description": {
                            "__ansible_unsafe": ""
                        },
                        "groups": [
                            {
                                "group_id": {
                                    "__ansible_unsafe": "sg-01e2242f0c93bfec3"
                                },
                                "group_name": {
                                    "__ansible_unsafe": "ADR-Install-new"
                                }
                            }
                        ],
                        "interface_type": {
                            "__ansible_unsafe": "interface"
                        },
                        "ipv6_addresses": [],
                        "mac_address": {
                            "__ansible_unsafe": "02:fd:21:7e:67:97"
                        },
                        "network_interface_id": {
                            "__ansible_unsafe": "eni-0c9e6cdffcf4721e6"
                        },
                        "operator": {
                            "managed": false
                        },
                        "owner_id": {
                            "__ansible_unsafe": "100972518102"
                        },
                        "private_dns_name": {
                            "__ansible_unsafe": "ip-172-16-10-57.ec2.internal"
                        },
                        "private_ip_address": {
                            "__ansible_unsafe": "172.16.10.57"
                        },
                        "private_ip_addresses": [
                            {
                                "primary": true,
                                "private_dns_name": {
                                    "__ansible_unsafe": "ip-172-16-10-57.ec2.internal"
                                },
                                "private_ip_address": {
                                    "__ansible_unsafe": "172.16.10.57"
                                }
                            }
                        ],
                        "source_dest_check": true,
                        "status": {
                            "__ansible_unsafe": "in-use"
                        },
                        "subnet_id": {
                            "__ansible_unsafe": "subnet-00803a594e45eccea"
                        },
                        "vpc_id": {
                            "__ansible_unsafe": "vpc-04f57002ad84fe31c"
                        }
                    }
                ],
                "network_performance_options": {
                    "bandwidth_weighting": {
                        "__ansible_unsafe": "default"
                    }
                },
                "nginx_service_name_linux": "nginx",
                "nginx_symlink_path_linux": "/opt/nginx",
                "operator": {
                    "hidden_by_default": false,
                    "managed": false
                },
                "owner_id": {
                    "__ansible_unsafe": "100972518102"
                },
                "payara_symlink_path_linux": "/opt/payara",
                "payara_symlink_path_windows": "C:\\adr\\payara",
                "placement": {
                    "availability_zone": {
                        "__ansible_unsafe": "us-east-1a"
                    },
                    "availability_zone_id": {
                        "__ansible_unsafe": "use1-az1"
                    },
                    "group_name": {
                        "__ansible_unsafe": ""
                    },
                    "region": {
                        "__ansible_unsafe": "us-east-1"
                    },
                    "tenancy": {
                        "__ansible_unsafe": "default"
                    }
                },
                "platform": {
                    "__ansible_unsafe": "windows"
                },
                "platform_details": {
                    "__ansible_unsafe": "Windows"
                },
                "postfix_from_address": "REPLACE_ME_FROM@example.com",
                "postfix_relay_host": "REPLACE_ME_RELAY_IP",
                "postfix_relay_password": "tototototo",
                "postfix_relay_port": "587",
                "postfix_relay_user": "REPLACE_ME_USER",
                "postgresql_admin_user": "adr_superadmin",
                "postgresql_host": "{{ (groups['database_servers'] | default([]) | length > 0) | ternary(groups['database_servers'] | first, (groups['backend_servers'] | default([]) | length > 0) | ternary(groups['backend_servers'] | first, 'localhost')) }}",
                "postgresql_service_name_linux": "postgresql",
                "postgresql_symlink_path_linux": "/opt/postgresql",
                "postgresql_version": "14",
                "private_dns_name": {
                    "__ansible_unsafe": "ip-172-16-10-57.ec2.internal"
                },
                "private_dns_name_options": {
                    "enable_resource_name_dns_a_record": false,
                    "enable_resource_name_dns_aaaa_record": false,
                    "hostname_type": {
                        "__ansible_unsafe": "ip-name"
                    }
                },
                "private_ip_address": {
                    "__ansible_unsafe": "172.16.10.57"
                },
                "product_codes": [],
                "public_dns_name": {
                    "__ansible_unsafe": ""
                },
                "requester_id": {
                    "__ansible_unsafe": ""
                },
                "reservation_id": {
                    "__ansible_unsafe": "r-0fc411143a7748004"
                },
                "root_device_name": {
                    "__ansible_unsafe": "/dev/sda1"
                },
                "root_device_type": {
                    "__ansible_unsafe": "ebs"
                },
                "secondary_interfaces": [],
                "security_groups": [
                    {
                        "group_id": {
                            "__ansible_unsafe": "sg-01e2242f0c93bfec3"
                        },
                        "group_name": {
                            "__ansible_unsafe": "ADR-Install-new"
                        }
                    }
                ],
                "source_dest_check": true,
                "state": {
                    "code": 16,
                    "name": {
                        "__ansible_unsafe": "running"
                    }
                },
                "state_transition_reason": {
                    "__ansible_unsafe": ""
                },
                "subnet_id": {
                    "__ansible_unsafe": "subnet-00803a594e45eccea"
                },
                "tags": {
                    "AUTHOR": {
                        "__ansible_unsafe": "FKH"
                    },
                    "BACKUP": {
                        "__ansible_unsafe": ""
                    },
                    "Name": {
                        "__ansible_unsafe": "z_winadr-a-DB"
                    },
                    "PROJECT": {
                        "__ansible_unsafe": "SDT-US-ADR-DEV"
                    },
                    "TEAM": {
                        "__ansible_unsafe": "SDT"
                    }
                },
                "usage_operation": {
                    "__ansible_unsafe": "RunInstances:0002"
                },
                "usage_operation_update_time": "2023-10-05T13:16:46+00:00",
                "virtualization_type": {
                    "__ansible_unsafe": "hvm"
                },
                "vpc_id": {
                    "__ansible_unsafe": "vpc-04f57002ad84fe31c"
                }
            },
            "z_winadr-b": {
                "adr_base_path_linux": "/opt/adr",
                "adr_base_path_windows": "C:\\adr",
                "allowed_network_range": "127.0.0.1/32",
                "ami_launch_index": 1,
                "ansible_become": false,
                "ansible_connection": {
                    "__ansible_unsafe": "winrm"
                },
                "ansible_host": {
                    "__ansible_unsafe": "172.16.10.124"
                },
                "ansible_validate_certs": true,
                "ansible_winrm_server_cert_validation": {
                    "__ansible_unsafe": "ignore"
                },
                "architecture": {
                    "__ansible_unsafe": "x86_64"
                },
                "backend_payara_host": "{{ (groups['backend_servers'] | default([]) | length > 0) | ternary(groups['backend_servers'] | first, 'localhost') }}",
                "block_device_mappings": [
                    {
                        "device_name": {
                            "__ansible_unsafe": "/dev/sda1"
                        },
                        "ebs": {
                            "attach_time": "2023-10-05T13:16:47+00:00",
                            "delete_on_termination": true,
                            "ebs_card_index": 0,
                            "status": {
                                "__ansible_unsafe": "attached"
                            },
                            "volume_id": {
                                "__ansible_unsafe": "vol-0426a3a87306b68cf"
                            }
                        }
                    }
                ],
                "capacity_reservation_specification": {
                    "capacity_reservation_preference": {
                        "__ansible_unsafe": "open"
                    }
                },
                "client_token": {
                    "__ansible_unsafe": "2807ed8f-8f8a-4a6d-9e40-b9899f2c45e1"
                },
                "cpu_options": {
                    "core_count": 2,
                    "threads_per_core": 2
                },
                "current_instance_boot_mode": {
                    "__ansible_unsafe": "legacy-bios"
                },
                "customer_name": "customer",
                "ebs_optimized": true,
                "ec2_tags": {
                    "AUTHOR": {
                        "__ansible_unsafe": "FKH"
                    },
                    "BACKUP": {
                        "__ansible_unsafe": ""
                    },
                    "Name": {
                        "__ansible_unsafe": "z_winadr-b"
                    },
                    "PROJECT": {
                        "__ansible_unsafe": "SDT-US-ADR-DEV"
                    },
                    "TEAM": {
                        "__ansible_unsafe": "SDT"
                    }
                },
                "ena_support": true,
                "enclave_options": {
                    "enabled": false
                },
                "hibernation_options": {
                    "configured": false
                },
                "hypervisor": {
                    "__ansible_unsafe": "xen"
                },
                "image_id": {
                    "__ansible_unsafe": "ami-0be0e902919675894"
                },
                "include_release_vars": "vars/releases/4.0.9.yml",
                "instance_id": {
                    "__ansible_unsafe": "i-03c699e23194d1dc1"
                },
                "instance_type": {
                    "__ansible_unsafe": "t3a.xlarge"
                },
                "key_name": {
                    "__ansible_unsafe": "AmpacimonDev-US"
                },
                "keycloak_host": "{{ (groups['frontend_servers'] | default([]) | length > 0) | ternary(groups['frontend_servers'] | first, 'localhost') }}",
                "keycloak_service_name_linux": "keycloak",
                "keycloak_symlink_path_linux": "/opt/keycloak",
                "keycloak_symlink_path_windows": "C:\\adr\\keycloak",
                "launch_time": "2026-06-24T15:55:53+00:00",
                "maintenance_options": {
                    "auto_recovery": {
                        "__ansible_unsafe": "default"
                    },
                    "reboot_migration": {
                        "__ansible_unsafe": "default"
                    }
                },
                "metadata_options": {
                    "http_endpoint": {
                        "__ansible_unsafe": "enabled"
                    },
                    "http_protocol_ipv6": {
                        "__ansible_unsafe": "disabled"
                    },
                    "http_put_response_hop_limit": 1,
                    "http_tokens": {
                        "__ansible_unsafe": "optional"
                    },
                    "instance_metadata_tags": {
                        "__ansible_unsafe": "disabled"
                    },
                    "state": {
                        "__ansible_unsafe": "applied"
                    }
                },
                "mongodb_bind_ips": "127.0.0.1",
                "mongodb_host": "{{ (groups['database_servers'] | default([]) | length > 0) | ternary(groups['database_servers'] | first, (groups['backend_servers'] | default([]) | length > 0) | ternary(groups['backend_servers'] | first, 'localhost')) }}",
                "mongodb_service_name_linux": "mongod",
                "mongodb_symlink_path_linux": "/opt/mongodb",
                "monitoring": {
                    "state": {
                        "__ansible_unsafe": "disabled"
                    }
                },
                "network_interfaces": [
                    {
                        "attachment": {
                            "attach_time": "2023-10-05T13:16:46+00:00",
                            "attachment_id": {
                                "__ansible_unsafe": "eni-attach-0acaa5c00dca09022"
                            },
                            "delete_on_termination": true,
                            "device_index": 0,
                            "network_card_index": 0,
                            "status": {
                                "__ansible_unsafe": "attached"
                            }
                        },
                        "description": {
                            "__ansible_unsafe": ""
                        },
                        "groups": [
                            {
                                "group_id": {
                                    "__ansible_unsafe": "sg-01e2242f0c93bfec3"
                                },
                                "group_name": {
                                    "__ansible_unsafe": "ADR-Install-new"
                                }
                            }
                        ],
                        "interface_type": {
                            "__ansible_unsafe": "interface"
                        },
                        "ipv6_addresses": [],
                        "mac_address": {
                            "__ansible_unsafe": "02:f2:0d:73:a3:e5"
                        },
                        "network_interface_id": {
                            "__ansible_unsafe": "eni-018089b2821b308e8"
                        },
                        "operator": {
                            "managed": false
                        },
                        "owner_id": {
                            "__ansible_unsafe": "100972518102"
                        },
                        "private_dns_name": {
                            "__ansible_unsafe": "ip-172-16-10-124.ec2.internal"
                        },
                        "private_ip_address": {
                            "__ansible_unsafe": "172.16.10.124"
                        },
                        "private_ip_addresses": [
                            {
                                "primary": true,
                                "private_dns_name": {
                                    "__ansible_unsafe": "ip-172-16-10-124.ec2.internal"
                                },
                                "private_ip_address": {
                                    "__ansible_unsafe": "172.16.10.124"
                                }
                            }
                        ],
                        "source_dest_check": true,
                        "status": {
                            "__ansible_unsafe": "in-use"
                        },
                        "subnet_id": {
                            "__ansible_unsafe": "subnet-00803a594e45eccea"
                        },
                        "vpc_id": {
                            "__ansible_unsafe": "vpc-04f57002ad84fe31c"
                        }
                    }
                ],
                "network_performance_options": {
                    "bandwidth_weighting": {
                        "__ansible_unsafe": "default"
                    }
                },
                "nginx_service_name_linux": "nginx",
                "nginx_symlink_path_linux": "/opt/nginx",
                "operator": {
                    "hidden_by_default": false,
                    "managed": false
                },
                "owner_id": {
                    "__ansible_unsafe": "100972518102"
                },
                "payara_symlink_path_linux": "/opt/payara",
                "payara_symlink_path_windows": "C:\\adr\\payara",
                "placement": {
                    "availability_zone": {
                        "__ansible_unsafe": "us-east-1a"
                    },
                    "availability_zone_id": {
                        "__ansible_unsafe": "use1-az1"
                    },
                    "group_name": {
                        "__ansible_unsafe": ""
                    },
                    "region": {
                        "__ansible_unsafe": "us-east-1"
                    },
                    "tenancy": {
                        "__ansible_unsafe": "default"
                    }
                },
                "platform": {
                    "__ansible_unsafe": "windows"
                },
                "platform_details": {
                    "__ansible_unsafe": "Windows"
                },
                "postfix_from_address": "REPLACE_ME_FROM@example.com",
                "postfix_relay_host": "REPLACE_ME_RELAY_IP",
                "postfix_relay_password": "tototototo",
                "postfix_relay_port": "587",
                "postfix_relay_user": "REPLACE_ME_USER",
                "postgresql_admin_user": "adr_superadmin",
                "postgresql_host": "{{ (groups['database_servers'] | default([]) | length > 0) | ternary(groups['database_servers'] | first, (groups['backend_servers'] | default([]) | length > 0) | ternary(groups['backend_servers'] | first, 'localhost')) }}",
                "postgresql_service_name_linux": "postgresql",
                "postgresql_symlink_path_linux": "/opt/postgresql",
                "postgresql_version": "14",
                "private_dns_name": {
                    "__ansible_unsafe": "ip-172-16-10-124.ec2.internal"
                },
                "private_dns_name_options": {
                    "enable_resource_name_dns_a_record": false,
                    "enable_resource_name_dns_aaaa_record": false,
                    "hostname_type": {
                        "__ansible_unsafe": "ip-name"
                    }
                },
                "private_ip_address": {
                    "__ansible_unsafe": "172.16.10.124"
                },
                "product_codes": [],
                "public_dns_name": {
                    "__ansible_unsafe": ""
                },
                "requester_id": {
                    "__ansible_unsafe": ""
                },
                "reservation_id": {
                    "__ansible_unsafe": "r-0fc411143a7748004"
                },
                "root_device_name": {
                    "__ansible_unsafe": "/dev/sda1"
                },
                "root_device_type": {
                    "__ansible_unsafe": "ebs"
                },
                "secondary_interfaces": [],
                "security_groups": [
                    {
                        "group_id": {
                            "__ansible_unsafe": "sg-01e2242f0c93bfec3"
                        },
                        "group_name": {
                            "__ansible_unsafe": "ADR-Install-new"
                        }
                    }
                ],
                "source_dest_check": true,
                "state": {
                    "code": 16,
                    "name": {
                        "__ansible_unsafe": "running"
                    }
                },
                "state_transition_reason": {
                    "__ansible_unsafe": ""
                },
                "subnet_id": {
                    "__ansible_unsafe": "subnet-00803a594e45eccea"
                },
                "tags": {
                    "AUTHOR": {
                        "__ansible_unsafe": "FKH"
                    },
                    "BACKUP": {
                        "__ansible_unsafe": ""
                    },
                    "Name": {
                        "__ansible_unsafe": "z_winadr-b"
                    },
                    "PROJECT": {
                        "__ansible_unsafe": "SDT-US-ADR-DEV"
                    },
                    "TEAM": {
                        "__ansible_unsafe": "SDT"
                    }
                },
                "usage_operation": {
                    "__ansible_unsafe": "RunInstances:0002"
                },
                "usage_operation_update_time": "2023-10-05T13:16:46+00:00",
                "virtualization_type": {
                    "__ansible_unsafe": "hvm"
                },
                "vpc_id": {
                    "__ansible_unsafe": "vpc-04f57002ad84fe31c"
                }
            },
            "z_winadr-b-DB": {
                "adr_base_path_linux": "/opt/adr",
                "adr_base_path_windows": "C:\\adr",
                "allowed_network_range": "127.0.0.1/32",
                "ami_launch_index": 4,
                "ansible_become": false,
                "ansible_connection": {
                    "__ansible_unsafe": "winrm"
                },
                "ansible_host": {
                    "__ansible_unsafe": "172.16.10.210"
                },
                "ansible_validate_certs": true,
                "ansible_winrm_server_cert_validation": {
                    "__ansible_unsafe": "ignore"
                },
                "architecture": {
                    "__ansible_unsafe": "x86_64"
                },
                "backend_payara_host": "{{ (groups['backend_servers'] | default([]) | length > 0) | ternary(groups['backend_servers'] | first, 'localhost') }}",
                "block_device_mappings": [
                    {
                        "device_name": {
                            "__ansible_unsafe": "/dev/sda1"
                        },
                        "ebs": {
                            "attach_time": "2023-10-05T13:16:47+00:00",
                            "delete_on_termination": true,
                            "ebs_card_index": 0,
                            "status": {
                                "__ansible_unsafe": "attached"
                            },
                            "volume_id": {
                                "__ansible_unsafe": "vol-0a85634f503b67ba3"
                            }
                        }
                    }
                ],
                "capacity_reservation_specification": {
                    "capacity_reservation_preference": {
                        "__ansible_unsafe": "open"
                    }
                },
                "client_token": {
                    "__ansible_unsafe": "2807ed8f-8f8a-4a6d-9e40-b9899f2c45e1"
                },
                "cpu_options": {
                    "core_count": 2,
                    "threads_per_core": 2
                },
                "current_instance_boot_mode": {
                    "__ansible_unsafe": "legacy-bios"
                },
                "customer_name": "customer",
                "ebs_optimized": true,
                "ec2_tags": {
                    "AUTHOR": {
                        "__ansible_unsafe": "FKH"
                    },
                    "BACKUP": {
                        "__ansible_unsafe": ""
                    },
                    "Name": {
                        "__ansible_unsafe": "z_winadr-b-DB"
                    },
                    "PROJECT": {
                        "__ansible_unsafe": "SDT-US-ADR-DEV"
                    },
                    "TEAM": {
                        "__ansible_unsafe": "SDT"
                    }
                },
                "ena_support": true,
                "enclave_options": {
                    "enabled": false
                },
                "hibernation_options": {
                    "configured": false
                },
                "hypervisor": {
                    "__ansible_unsafe": "xen"
                },
                "image_id": {
                    "__ansible_unsafe": "ami-0be0e902919675894"
                },
                "include_release_vars": "vars/releases/4.0.9.yml",
                "instance_id": {
                    "__ansible_unsafe": "i-0fd0b91c045356f20"
                },
                "instance_type": {
                    "__ansible_unsafe": "t3a.xlarge"
                },
                "key_name": {
                    "__ansible_unsafe": "AmpacimonDev-US"
                },
                "keycloak_host": "{{ (groups['frontend_servers'] | default([]) | length > 0) | ternary(groups['frontend_servers'] | first, 'localhost') }}",
                "keycloak_service_name_linux": "keycloak",
                "keycloak_symlink_path_linux": "/opt/keycloak",
                "keycloak_symlink_path_windows": "C:\\adr\\keycloak",
                "launch_time": "2026-06-24T15:55:53+00:00",
                "maintenance_options": {
                    "auto_recovery": {
                        "__ansible_unsafe": "default"
                    },
                    "reboot_migration": {
                        "__ansible_unsafe": "default"
                    }
                },
                "metadata_options": {
                    "http_endpoint": {
                        "__ansible_unsafe": "enabled"
                    },
                    "http_protocol_ipv6": {
                        "__ansible_unsafe": "disabled"
                    },
                    "http_put_response_hop_limit": 1,
                    "http_tokens": {
                        "__ansible_unsafe": "optional"
                    },
                    "instance_metadata_tags": {
                        "__ansible_unsafe": "disabled"
                    },
                    "state": {
                        "__ansible_unsafe": "applied"
                    }
                },
                "mongodb_bind_ips": "127.0.0.1",
                "mongodb_host": "{{ (groups['database_servers'] | default([]) | length > 0) | ternary(groups['database_servers'] | first, (groups['backend_servers'] | default([]) | length > 0) | ternary(groups['backend_servers'] | first, 'localhost')) }}",
                "mongodb_service_name_linux": "mongod",
                "mongodb_symlink_path_linux": "/opt/mongodb",
                "monitoring": {
                    "state": {
                        "__ansible_unsafe": "disabled"
                    }
                },
                "network_interfaces": [
                    {
                        "attachment": {
                            "attach_time": "2023-10-05T13:16:46+00:00",
                            "attachment_id": {
                                "__ansible_unsafe": "eni-attach-004dfb0abb06d4661"
                            },
                            "delete_on_termination": true,
                            "device_index": 0,
                            "network_card_index": 0,
                            "status": {
                                "__ansible_unsafe": "attached"
                            }
                        },
                        "description": {
                            "__ansible_unsafe": ""
                        },
                        "groups": [
                            {
                                "group_id": {
                                    "__ansible_unsafe": "sg-01e2242f0c93bfec3"
                                },
                                "group_name": {
                                    "__ansible_unsafe": "ADR-Install-new"
                                }
                            }
                        ],
                        "interface_type": {
                            "__ansible_unsafe": "interface"
                        },
                        "ipv6_addresses": [],
                        "mac_address": {
                            "__ansible_unsafe": "02:a4:0c:6a:29:6f"
                        },
                        "network_interface_id": {
                            "__ansible_unsafe": "eni-0f559eee190d1e901"
                        },
                        "operator": {
                            "managed": false
                        },
                        "owner_id": {
                            "__ansible_unsafe": "100972518102"
                        },
                        "private_dns_name": {
                            "__ansible_unsafe": "ip-172-16-10-210.ec2.internal"
                        },
                        "private_ip_address": {
                            "__ansible_unsafe": "172.16.10.210"
                        },
                        "private_ip_addresses": [
                            {
                                "primary": true,
                                "private_dns_name": {
                                    "__ansible_unsafe": "ip-172-16-10-210.ec2.internal"
                                },
                                "private_ip_address": {
                                    "__ansible_unsafe": "172.16.10.210"
                                }
                            }
                        ],
                        "source_dest_check": true,
                        "status": {
                            "__ansible_unsafe": "in-use"
                        },
                        "subnet_id": {
                            "__ansible_unsafe": "subnet-00803a594e45eccea"
                        },
                        "vpc_id": {
                            "__ansible_unsafe": "vpc-04f57002ad84fe31c"
                        }
                    }
                ],
                "network_performance_options": {
                    "bandwidth_weighting": {
                        "__ansible_unsafe": "default"
                    }
                },
                "nginx_service_name_linux": "nginx",
                "nginx_symlink_path_linux": "/opt/nginx",
                "operator": {
                    "hidden_by_default": false,
                    "managed": false
                },
                "owner_id": {
                    "__ansible_unsafe": "100972518102"
                },
                "payara_symlink_path_linux": "/opt/payara",
                "payara_symlink_path_windows": "C:\\adr\\payara",
                "placement": {
                    "availability_zone": {
                        "__ansible_unsafe": "us-east-1a"
                    },
                    "availability_zone_id": {
                        "__ansible_unsafe": "use1-az1"
                    },
                    "group_name": {
                        "__ansible_unsafe": ""
                    },
                    "region": {
                        "__ansible_unsafe": "us-east-1"
                    },
                    "tenancy": {
                        "__ansible_unsafe": "default"
                    }
                },
                "platform": {
                    "__ansible_unsafe": "windows"
                },
                "platform_details": {
                    "__ansible_unsafe": "Windows"
                },
                "postfix_from_address": "REPLACE_ME_FROM@example.com",
                "postfix_relay_host": "REPLACE_ME_RELAY_IP",
                "postfix_relay_password": "tototototo",
                "postfix_relay_port": "587",
                "postfix_relay_user": "REPLACE_ME_USER",
                "postgresql_admin_user": "adr_superadmin",
                "postgresql_host": "{{ (groups['database_servers'] | default([]) | length > 0) | ternary(groups['database_servers'] | first, (groups['backend_servers'] | default([]) | length > 0) | ternary(groups['backend_servers'] | first, 'localhost')) }}",
                "postgresql_service_name_linux": "postgresql",
                "postgresql_symlink_path_linux": "/opt/postgresql",
                "postgresql_version": "14",
                "private_dns_name": {
                    "__ansible_unsafe": "ip-172-16-10-210.ec2.internal"
                },
                "private_dns_name_options": {
                    "enable_resource_name_dns_a_record": false,
                    "enable_resource_name_dns_aaaa_record": false,
                    "hostname_type": {
                        "__ansible_unsafe": "ip-name"
                    }
                },
                "private_ip_address": {
                    "__ansible_unsafe": "172.16.10.210"
                },
                "product_codes": [],
                "public_dns_name": {
                    "__ansible_unsafe": ""
                },
                "requester_id": {
                    "__ansible_unsafe": ""
                },
                "reservation_id": {
                    "__ansible_unsafe": "r-0fc411143a7748004"
                },
                "root_device_name": {
                    "__ansible_unsafe": "/dev/sda1"
                },
                "root_device_type": {
                    "__ansible_unsafe": "ebs"
                },
                "secondary_interfaces": [],
                "security_groups": [
                    {
                        "group_id": {
                            "__ansible_unsafe": "sg-01e2242f0c93bfec3"
                        },
                        "group_name": {
                            "__ansible_unsafe": "ADR-Install-new"
                        }
                    }
                ],
                "source_dest_check": true,
                "state": {
                    "code": 16,
                    "name": {
                        "__ansible_unsafe": "running"
                    }
                },
                "state_transition_reason": {
                    "__ansible_unsafe": ""
                },
                "subnet_id": {
                    "__ansible_unsafe": "subnet-00803a594e45eccea"
                },
                "tags": {
                    "AUTHOR": {
                        "__ansible_unsafe": "FKH"
                    },
                    "BACKUP": {
                        "__ansible_unsafe": ""
                    },
                    "Name": {
                        "__ansible_unsafe": "z_winadr-b-DB"
                    },
                    "PROJECT": {
                        "__ansible_unsafe": "SDT-US-ADR-DEV"
                    },
                    "TEAM": {
                        "__ansible_unsafe": "SDT"
                    }
                },
                "usage_operation": {
                    "__ansible_unsafe": "RunInstances:0002"
                },
                "usage_operation_update_time": "2023-10-05T13:16:46+00:00",
                "virtualization_type": {
                    "__ansible_unsafe": "hvm"
                },
                "vpc_id": {
                    "__ansible_unsafe": "vpc-04f57002ad84fe31c"
                }
            }
        },
        "profile": "inventory_legacy"
    },
    "all": {
        "children": [
            "ungrouped",
            "aws_ec2"
        ]
    },
    "aws_ec2": {
        "hosts": [
            "Zabbix Proxy",
            "BASTION",
            "Tunnel Instance",
            "Tunnel IPV6",
            "z_winadr-a-DB",
            "z_winadr-b",
            "Shared-FE",
            "MONGODB-8-SDT",
            "Shared-NAT",
            "NAT-SDT",
            "SDT-BE-ADR-DEV-euc1-linux-instance-1",
            "Hawkbit-ACC-NEW",
            "Bastion-SDT",
            "FleetManagementGrafana",
            "JenkinsAgent",
            "ProjectTeamBastion",
            "Shared-BE",
            "SDT-BE-ADR-DEV-euc1-linux-instance-2",
            "ADR-FE-SDT",
            "MONGODB",
            "ADR-BE-SDT",
            "Bastion/Tunnel Instance",
            "z_winadr-a",
            "Tunnel v6",
            "PDEye - BBox",
            "z_winadr-b-DB",
            "Jenkins"
        ]
    }
}
2026-08-06 12:35:34,262 p=23230 u=julien n=ansible WARNING| [WARNING]: Unable to parse /home/julien/REPO/shared-iac/ansible/inventory/tmp.yml as an inventory source

2026-08-06 12:35:34,263 p=23230 u=julien n=ansible WARNING| [WARNING]: No inventory was parsed, only implicit localhost is available

2026-08-06 12:35:34,266 p=23230 u=julien n=ansible INFO| {
    "_meta": {
        "hostvars": {},
        "profile": "inventory_legacy"
    },
    "all": {
        "children": [
            "ungrouped"
        ]
    }
}
2026-08-06 12:35:49,932 p=23281 u=julien n=ansible ERROR| [ERROR]: No action selected, at least one of --host, --graph or --list needs to be specified.

2026-08-06 12:35:54,550 p=23329 u=julien n=ansible WARNING| [WARNING]: Unable to parse /home/julien/REPO/shared-iac/ansible/inventory/tmp.yml as an inventory source

2026-08-06 12:35:54,550 p=23329 u=julien n=ansible WARNING| [WARNING]: No inventory was parsed, only implicit localhost is available

2026-08-06 12:35:54,552 p=23329 u=julien n=ansible INFO| @all:
  |--@ungrouped:
2026-08-06 12:36:00,760 p=23378 u=julien n=ansible WARNING| [WARNING]: Unable to parse /tmp/test_inventory.yml as an inventory source

2026-08-06 12:36:00,761 p=23378 u=julien n=ansible WARNING| [WARNING]: No inventory was parsed, only implicit localhost is available

2026-08-06 12:36:00,762 p=23378 u=julien n=ansible INFO| @all:
  |--@ungrouped:
2026-08-06 12:36:10,768 p=23430 u=julien n=ansible WARNING| [WARNING]: Unable to parse /tmp/test_inventory.ini as an inventory source

2026-08-06 12:36:10,768 p=23430 u=julien n=ansible WARNING| [WARNING]: No inventory was parsed, only implicit localhost is available

2026-08-06 12:36:10,771 p=23430 u=julien n=ansible INFO| @all:
  |--@ungrouped:
2026-08-06 12:46:55,894 p=23745 u=julien n=ansible INFO| @all:
  |--@ungrouped:
  |--@backend_servers:
  |  |--localhost
  |--@local:
  |  |--localhost
2026-08-06 12:47:02,958 p=23794 u=julien n=ansible WARNING| [WARNING]: file /home/julien/REPO/shared-iac/ansible/roles/postfix/handlers/windows.yml is empty and had no tasks to include

2026-08-06 12:47:02,973 p=23794 u=julien n=ansible WARNING| [WARNING]: file /home/julien/REPO/shared-iac/ansible/roles/zabbix/handlers/windows.yml is empty and had no tasks to include

2026-08-06 12:47:03,084 p=23794 u=julien n=ansible INFO| PLAY [Deploy Common Infrastructure] ********************************************
2026-08-06 12:47:03,099 p=23794 u=julien n=ansible INFO| TASK [Gathering Facts] *********************************************************
2026-08-06 12:47:04,460 p=23794 u=julien n=ansible WARNING| [WARNING]: Host 'localhost' is using the discovered Python interpreter at '/usr/bin/python3.13', but future installation of another Python interpreter could cause a different interpreter to be discovered. See https://docs.ansible.com/ansible-core/2.21/reference_appendices/interpreter_discovery.html for more information.

2026-08-06 12:47:04,460 p=23794 u=julien n=ansible INFO| ok: [localhost]
2026-08-06 12:47:04,467 p=23794 u=julien n=ansible INFO| TASK [common : Include Linux tasks] ********************************************
2026-08-06 12:47:04,545 p=23794 u=julien n=ansible INFO| included: /home/julien/REPO/shared-iac/ansible/roles/common/tasks/linux.yml for localhost
2026-08-06 12:47:04,551 p=23794 u=julien n=ansible INFO| TASK [common : Ensure base directory exists on Linux] **************************
2026-08-06 12:47:04,794 p=23794 u=julien n=ansible ERROR| [ERROR]: Task failed: Module failed: There was an issue creating /opt/adr as requested: [Errno 13] Permission denied: b'/opt/adr'
Origin: /home/julien/REPO/shared-iac/ansible/roles/common/tasks/linux.yml:2:3

1 ---
2 - name: Ensure base directory exists on Linux
    ^ column 3


2026-08-06 12:47:04,794 p=23794 u=julien n=ansible INFO| fatal: [localhost]: FAILED! => {"changed": false, "msg": "There was an issue creating /opt/adr as requested: [Errno 13] Permission denied: b'/opt/adr'", "path": "/opt/adr"}
2026-08-06 12:47:04,795 p=23794 u=julien n=ansible INFO| PLAY RECAP *********************************************************************
2026-08-06 12:47:04,795 p=23794 u=julien n=ansible INFO| localhost                  : ok=2    changed=0    unreachable=0    failed=1    skipped=0    rescued=0    ignored=0   
2026-09-16 15:29:21,947 p=62053 u=julien n=ansible WARNING| [WARNING]: Unable to parse /home/julien/REPO/shared-iac/ansible/inventory/hosts.yml as an inventory source

2026-09-16 15:29:21,947 p=62053 u=julien n=ansible WARNING| [WARNING]: No inventory was parsed, only implicit localhost is available

2026-09-16 15:29:21,952 p=62053 u=julien n=ansible WARNING| [WARNING]: provided hosts list is empty, only localhost is available. Note that the implicit localhost does not match 'all'

2026-09-16 15:29:22,035 p=62053 u=julien n=ansible INFO| PLAY [Test nginx role without artifacts.nginx defined] *************************
2026-09-16 15:29:22,050 p=62053 u=julien n=ansible INFO| TASK [nginx : Setup Nginx facts] ***********************************************
2026-09-16 15:29:22,070 p=62053 u=julien n=ansible INFO| included: /home/julien/REPO/shared-iac/ansible/roles/nginx/tasks/setup.yml for localhost
2026-09-16 15:29:22,072 p=62053 u=julien n=ansible INFO| TASK [nginx : Set facts for Nginx] *********************************************
2026-09-16 15:29:22,099 p=62053 u=julien n=ansible ERROR| [ERROR]: Task failed: Finalization of task args for 'ansible.builtin.set_fact' failed: Error while resolving value for 'nginx_base_path': object of type 'dict' has no attribute 'os_family'

Task failed.
Origin: /home/julien/REPO/shared-iac/ansible/roles/nginx/tasks/setup.yml:2:3

1 ---
2 - name: Set facts for Nginx
    ^ column 3

<<< caused by >>>

Finalization of task args for 'ansible.builtin.set_fact' failed.
Origin: /home/julien/REPO/shared-iac/ansible/roles/nginx/tasks/setup.yml:3:3

1 ---
2 - name: Set facts for Nginx
3   ansible.builtin.set_fact:
    ^ column 3

<<< caused by >>>

Error while resolving value for 'nginx_base_path': object of type 'dict' has no attribute 'os_family'
Origin: /home/julien/REPO/shared-iac/ansible/roles/nginx/tasks/setup.yml:5:22

3   ansible.builtin.set_fact:
4     nginx_service_name: "{{ (ansible_facts['os_family'] == 'Windows') | ternary('nginx', nginx_service_name_linux) }}"
5     nginx_base_path: "{{ (ansible_facts['os_family'] == 'Windows') | ternary(adr_base_path_windows, adr_base_path_l...
                       ^ column 22


2026-09-16 15:29:22,099 p=62053 u=julien n=ansible INFO| fatal: [localhost]: FAILED! => {"changed": false, "msg": "Task failed: Finalization of task args for 'ansible.builtin.set_fact' failed: Error while resolving value for 'nginx_base_path': object of type 'dict' has no attribute 'os_family'"}
2026-09-16 15:29:22,100 p=62053 u=julien n=ansible INFO| PLAY RECAP *********************************************************************
2026-09-16 15:29:22,100 p=62053 u=julien n=ansible INFO| localhost                  : ok=1    changed=0    unreachable=0    failed=1    skipped=0    rescued=0    ignored=0   
2026-09-16 15:41:32,421 p=66239 u=julien n=ansible WARNING| [WARNING]: Unable to parse /home/julien/REPO/shared-iac/ansible/inventory/hosts.yml as an inventory source

2026-09-16 15:41:32,422 p=66239 u=julien n=ansible WARNING| [WARNING]: No inventory was parsed, only implicit localhost is available

2026-09-16 15:41:32,443 p=66239 u=julien n=ansible INFO| PLAY [Ansible Ad-Hoc] **********************************************************
2026-09-16 15:41:32,451 p=66239 u=julien n=ansible INFO| TASK [setup] *******************************************************************
2026-09-16 15:41:34,084 p=66239 u=julien n=ansible INFO| ok: [localhost]
2026-09-16 15:41:34,085 p=66239 u=julien n=ansible INFO| PLAY RECAP *********************************************************************
2026-09-16 15:41:34,085 p=66239 u=julien n=ansible INFO| localhost                  : ok=1    changed=0    unreachable=0    failed=0    skipped=0    rescued=0    ignored=0   
